transformer_id,install_year,rated_kva,cooling_type,zone,gas_mean,gas_max,gas_std,oil_temp_mean,oil_temp_max,oil_temp_std,load_mean,load_max,load_std,fault_status
TXR-0001,2012,250,ONAF,Zone 3,143.89599437691015,147.81778737157194,3.216603678673671,63.097518401005686,67.06431093762076,4.3601084978744185,94.45084227842169,104.92790813609192,8.91522801223546,Fault
TXR-0002,2019,500,ONAN,Zone 3,100.99199410503768,123.36797828033669,15.073842772536445,52.54420256870581,65.3982550048076,6.346152653408793,65.64214436070463,82.27538272390312,8.850842299260217,Fault
TXR-0003,2009,500,OFAF,Zone 1,103.18307211108329,122.11861570742435,17.40872347810474,57.813396438746686,67.19705938687596,5.172855431795294,71.61979303782103,82.60497850356606,10.674999740328861,Fault
TXR-0004,2008,100,ONAF,Zone 1,125.59539038846385,151.86647008231492,19.03447776934762,42.952912449652196,49.97243626977538,5.4988160658357925,50.071346424587226,70.10729920312858,9.690446363012535,Normal
TXR-0005,2006,250,ONAN,Zone 2,115.32686837134321,202.0662513297669,43.17652745070999,51.196584385503485,53.452317964866445,1.964974572182157,64.04877549826199,73.75407256277119,8.496022987495857,Normal
TXR-0006,2002,250,ONAF,Zone 2,67.47282346079714,89.9907440790049,21.04622315987583,43.04493370042627,52.02311283330578,5.198450573172356,47.76499900772659,64.9204745844157,9.678504028783475,Normal
TXR-0007,2014,500,OFAF,Zone 2,94.37612221931838,100.08806541668018,6.300155086889228,48.22888225706703,53.52159292521591,6.734095623975806,60.20150200331065,75.34995028071364,7.905768724430355,Normal
TXR-0008,2015,250,ONAF,Zone 1,96.35643358720228,101.19027469673264,4.455477771921036,53.22178003479631,62.21437918500444,6.704442202013747,68.33174752396772,88.19799336618223,10.35635583527961,Normal
TXR-0009,2007,250,OFAF,Zone 2,101.2190301382179,114.3469564386766,10.598340441276727,52.43304702712829,62.178092358109005,5.578444855321823,72.6342548685125,82.08524566724219,7.3744115341557634,Normal
TXR-0010,2014,100,Unknown,Zone 3,115.72747838831604,126.20184097664392,9.833272660610405,48.29817752342848,56.44597987912287,7.30046160365276,60.26304158962406,70.93205665099751,8.81905940780899,Normal
TXR-0011,2008,1000,OFAF,Zone 1,91.21963755050065,116.16316546881208,15.93609183349182,47.075127934479056,54.32942023141349,3.3274533340642414,55.19054063037485,58.52640577487944,2.3308411730798713,Normal
TXR-0013,1998,250,ONAN,Zone 2,142.96867114179318,181.868544068898,18.31715683437177,45.66487192281231,54.528024183531,5.97648238180371,55.3460491542296,67.68634300590116,6.270369963545645,Fault
TXR-0014,2003,250,ONAN,Zone 1,59.011520335314145,83.56197234309579,19.134426369104897,54.362168767596394,56.61058025467152,2.5063548328981877,80.81335556926521,84.50465321803789,3.497326758231833,Normal
TXR-0015,2007,500,ONAF,Zone 3,4.7024640167867995,12.98526972496816,5.627195614152993,49.84116112876919,55.76231470289133,5.298895847236627,59.178117159656225,66.00755462491516,5.539843113521904,Normal
TXR-0016,2014,250,ONAF,Zone 3,141.40620790661052,167.08200834079528,20.74133736644028,67.85014108749766,74.21893821521584,4.75716597977741,94.03624375522979,102.89386073308548,8.183911161834825,Normal
TXR-0017,1998,1000,ONAF,Zone 1,44.93016328500639,66.78072483272193,16.576605049611228,56.10263624806686,61.40306885884291,4.676291280844384,77.35884007603374,88.91671477263881,6.609202322018387,Normal
TXR-0018,2008,250,OFAF,Zone 2,62.98931844786387,75.27427916462216,11.251790702150425,60.292017681510316,63.4257210221348,2.874731637467181,79.16803617204836,90.33147692914592,7.237119329818987,Normal
TXR-0019,1999,500,OFAF,Zone 2,167.85592310724059,184.7090347365912,13.242167432945285,59.067587095121795,64.16810879584368,3.21216128758302,65.95900567417692,74.54304995631011,7.357354314943634,Fault
TXR-0020,2009,250,ONAN,Zone 1,91.78636425523759,103.14677707196476,8.213402228068974,45.07272381070852,59.36472214076234,10.31033224883864,42.8063427051082,55.88437333913584,9.42357290472115,Normal
TXR-0021,2015,100,ONAN,Zone 1,95.39211279026095,119.07985409833188,21.284782572498013,57.38406556817624,61.188154017242624,4.106235191338975,75.37442176028678,85.07181414753897,8.435369465508515,Normal
TXR-0023,2014,100,OFAF,Zone 3,73.10806620293687,95.0359756050252,15.546772795436572,56.1200268833995,63.38917525242524,6.444638529170672,69.14367136873115,78.75589161656445,6.295875768423201,Normal
TXR-0024,2011,1000,ONAN,Zone 1,64.72188849504883,78.73752860032448,10.127963947924115,53.356949607619455,57.4788431575003,4.5873592212319885,68.51726856059885,77.49098578913622,6.702346326044048,Normal
TXR-0025,2003,100,ONAN,Zone 1,73.65562295687371,98.97771671886224,14.057936026459167,52.670488934681075,57.24948029545886,2.714143948803334,65.91926587006924,80.8763967976426,7.758265987898407,Normal
TXR-0026,2017,250,OFAF,Zone 1,120.32560294413945,131.1238284670607,10.025198110236502,57.148021627941624,65.1430940935272,4.305687902682586,72.2615701679899,85.00004264591476,6.645695866504687,Normal
TXR-0027,2015,250,OFAF,Zone 1,68.25638097424381,75.89188796094939,6.52028341024675,56.99632167668809,60.80737419882765,3.5341621690854406,69.54618101444926,82.44010257237471,6.776403563612518,Fault
TXR-0028,2007,100,OFAF,Zone 3,101.25859050855362,323.4890413117945,78.83633671671475,55.9422632949923,60.21756841407166,4.399424089040188,79.31557414640132,93.5489205196252,9.382984420854374,Normal
TXR-0029,2002,250,OFAF,Zone 1,82.49164498144997,100.41976022357828,17.567974169490142,67.21204429339792,78.8500683917515,7.910674819020222,85.66272407974023,95.68511064009743,8.567095431112369,Normal
TXR-0030,2015,500,OFAF,Zone 3,153.79544837977608,164.71126129230976,11.168902748348751,50.67801944417241,54.967656777701485,3.3710806484609663,66.2475663611341,79.49136213835685,7.1566018838177365,Fault
TXR-0031,2016,1000,ONAN,Zone 2,89.38861905774412,114.34192193165094,18.868034355422104,50.96765601835344,58.912428534891504,5.1981154988653975,64.34137027392222,81.7567088351849,10.960443995386807,Normal
TXR-0032,2007,500,OFAF,Zone 3,67.5054180163882,90.28270757138851,14.468440139736128,63.750768908874306,70.58000930351668,5.354595042817243,88.14669427940397,102.73043590362616,11.140405887454847,Normal
TXR-0033,2016,100,ONAN,Zone 2,99.11404576638441,117.30001919502703,14.644014193163715,52.687630949367176,55.09681214364426,2.277780707444479,64.80893947431433,76.95120792971029,5.997623784060718,Normal
TXR-0034,2010,500,ONAF,Zone 2,88.6924553913612,98.14513832835208,6.699907730958445,51.55806305780358,53.64009836897704,1.5461586631464068,54.25960010037631,70.25640603583969,9.444456025508972,Normal
TXR-0035,1998,250,OFAF,Zone 2,116.96486604276389,324.7795845381079,91.96802849752129,46.919428707068214,51.57412160400442,5.491957694228891,53.67117965939961,69.1538268550761,10.972108565171213,Normal
TXR-0036,2016,100,OFAF,Zone 2,36.59774658663238,49.38129398101081,10.256395475401037,51.92325024895279,56.069953003015954,5.130659713595529,64.98417032757584,71.80713042431925,5.470454140876839,Normal
TXR-0037,2020,1000,OFAF,Zone 3,102.5777460035096,115.58296576314764,11.526500818571124,64.7722990913432,68.20991593582103,4.568429771540875,89.03593422752627,98.39490923618932,8.174224671157578,Normal
TXR-0038,2020,250,ONAN,Zone 3,56.62340120422723,82.94357904629976,21.29066407815602,48.30788766321628,53.57757429016389,4.271182702804662,55.094023213499995,72.5658737586761,8.332289555206442,Normal
TXR-0039,2006,250,ONAN,Zone 3,111.24077780840646,126.24084980093144,14.988490326219079,49.43857066640672,55.520639713909965,4.9931856455361805,49.42619221100483,62.69333296493865,9.801571863483776,Normal
TXR-0040,2002,500,ONAN,Zone 2,137.1024579485953,156.00867396172958,13.259436126878292,53.12192427796168,60.87799812762435,4.74702036885413,65.07376257072085,69.591406379198,5.859777499303219,Fault
TXR-0041,1998,100,ONAN,Zone 1,150.78909635142364,166.61871949365778,11.976543773410466,61.77379394472946,65.61299278098116,3.105105667781777,79.91246121816333,89.32458573916777,7.027096684073367,Fault
TXR-0042,2022,100,Unknown,Zone 2,101.12946007111452,132.51918472560791,21.00055669401971,53.49057273293836,55.07151881926994,1.4978110327677225,68.87249830365373,84.2868619751415,6.9458183923454,Normal
TXR-0043,2022,100,OFAF,Zone 2,80.47597870789384,98.6250222286252,19.34285889234601,42.99661245719544,45.80304808655784,2.9280333229733086,51.224689475658145,70.26410426645133,10.637240049347986,Normal
TXR-0044,2006,100,ONAF,Zone 3,130.02564586054464,284.5702483096792,87.708238010699,53.741674208764174,61.01946290897402,6.083638270688057,65.858211194202,81.68018358438914,8.561251905524793,Normal
TXR-0045,2022,500,ONAN,Zone 3,51.834185554361646,77.42076111566183,14.283602911911226,52.08751798628853,62.59978065055043,5.222662445335386,71.32213858512412,79.77960312954802,7.8175181027126435,Normal
TXR-0046,2019,500,ONAN,Zone 3,79.84630239628284,90.21801134238628,7.205333047781715,51.6679640248201,59.92311409176817,5.857883682935519,59.12457641309,67.20376050802417,5.52577273173581,Fault
TXR-0047,1998,1000,OFAF,Zone 1,44.11423980380573,56.52906135510516,7.792542725995442,63.569766421335665,82.63061936934281,8.450183108769224,88.0915064849457,105.475565397025,13.042502230296234,Normal
TXR-0048,1998,500,ONAN,Zone 1,39.541418831693775,55.29066820133292,16.30415031923561,62.03875930904184,65.94303016141727,4.51196141415524,81.30989872357145,96.38269890858992,8.422062852408583,Normal
TXR-0051,2018,1000,ONAN,Zone 1,67.8689518345346,73.22392749577769,6.290945080439437,60.85149670749663,67.61216971994091,6.025532348518776,80.14703176846383,89.36887561411125,6.485208328036098,Fault
TXR-0052,2014,250,OFAF,Zone 1,93.9035819543754,112.776187349719,18.770694322700784,58.929393404215304,61.98908986053192,2.7581795749158733,79.86398875074731,88.46917862121268,8.77097323818582,Normal
TXR-0053,2022,100,OFAF,Zone 1,68.44283503890223,87.02937977639483,14.693088063254244,53.851613886885715,61.35812370068211,5.457472029319456,61.91596135763567,74.98741462743111,7.455281014669662,Fault
TXR-0054,2012,500,ONAN,Zone 3,43.39953967311368,53.725939402555085,8.286284112924362,47.39599265681751,60.41197354335617,8.814523467107371,47.23913082212836,55.61696525714697,7.037695795021972,Normal
TXR-0056,2006,250,ONAF,Zone 2,101.91039724353176,255.08476882657385,58.34567961189419,49.600681940870764,59.48964396000141,6.994424129856312,59.83798705037039,68.45208978075692,7.456425824941879,Fault
TXR-0057,1998,100,ONAN,Zone 1,109.37266947312744,123.47820994329372,9.797681679633305,58.24281139546982,64.95563931342394,5.47055620328426,77.71669676527631,91.11769629719632,10.321003384028419,Fault
TXR-0059,2011,1000,ONAN,Zone 2,90.60455355261863,110.7930190387098,16.144216437031254,48.23430158155871,53.628922106434686,4.024208857103364,55.049652559706296,72.4340194785453,7.781330076659602,Normal
TXR-0060,2017,500,OFAF,Zone 3,179.38792680142842,403.38275280853526,99.40919200156185,49.74369179286004,55.43894849949062,4.501061404285519,60.73736818534926,74.14133618448147,9.024897992552384,Normal
TXR-0061,2021,250,ONAF,Zone 2,44.859915946985886,64.2846448771238,16.19746315107012,51.90225132089706,59.793559824187554,4.28421963062974,65.31426503998944,80.44419092538371,10.480313442762345,Normal
TXR-0062,2005,1000,ONAF,Zone 2,36.909096370717016,64.72460689498085,16.37323151202776,62.32638349070328,68.14823324478297,3.912239302392477,88.94795817873845,109.10661366480488,12.122778142132287,Normal
TXR-0063,2016,250,OFAF,Zone 3,66.1222904333845,254.2302458994642,84.2168603048346,62.32335057176543,68.01689151317201,5.757729940955316,81.77733517114441,97.25982296939551,7.216472328373736,Fault
TXR-0064,2010,500,OFAF,Zone 2,117.64712345208275,154.1330463080268,25.489838561396468,56.60416660446026,64.89061820824473,8.391150060577916,81.89901502490459,102.60951571358048,11.21619242998231,Fault
TXR-0065,2003,500,ONAN,Zone 2,53.74909048603871,67.72296964896536,10.992304781112972,45.51241614637214,50.93056925225891,4.068033412492907,57.638430214653866,68.77277299589348,8.13902910204428,Normal
TXR-0066,2000,100,ONAF,Zone 1,45.71967159939535,69.0413690136507,14.207000562037972,65.96149353895572,75.22922579879545,5.865249141697832,86.71429751043136,96.3247372064882,9.65013360027047,Normal
TXR-0067,2001,250,ONAN,Zone 3,37.353531227473425,52.45415503230775,9.030954767959127,65.75440195518219,76.68757050138879,6.570730852431577,93.135727469342,99.63770999685794,6.5138686923632125,Normal
TXR-0068,2006,100,ONAF,Zone 2,122.58475122118895,133.4698196352973,9.050623516688493,37.28713489057387,43.291420500978745,3.445441038752063,35.62435967516641,43.96605006622711,6.675745269432794,Normal
TXR-0069,2015,500,OFAF,Zone 3,96.8631809361312,118.72385856887152,14.116763417620202,56.56214880957371,64.50835426489903,7.12922642841793,74.33148803823653,84.48637548136482,5.629221822204277,Normal
TXR-0070,2009,1000,Unknown,Zone 2,110.12007989429524,236.10136892298712,50.6424263663381,67.078837471692,74.58758600259729,4.592653570476021,93.50608776582686,107.74842008646776,7.907900710008997,Fault
TXR-0071,1998,250,ONAF,Zone 2,55.1642534499584,257.3945143612772,82.63336607482515,56.25427638435051,70.58312878881462,6.8740750134508035,72.76157688662667,85.91441424632706,7.608335662896032,Normal
TXR-0072,2017,100,OFAF,Zone 3,100.97705932214025,124.66227779131955,14.601463148407186,50.716001882062486,62.91501484328086,6.457107016600261,59.68942310326024,73.96381166556323,9.534253428157145,Fault
TXR-0073,1998,100,ONAF,Zone 2,101.20088770548377,116.59993502233118,12.789750535388714,61.395783602875206,69.26678111158827,5.380836743708296,87.22511999721803,95.33726134088688,6.437534940718153,Normal
TXR-0075,2012,100,ONAF,Zone 3,88.55262867076318,104.64639592895544,9.882232241303342,50.65841660487893,57.99651285188147,3.991298159615977,60.120883870117844,79.27720395378708,7.630815665307049,Normal
TXR-0076,2003,250,OFAF,Zone 3,124.01830062336371,148.0530990815002,19.732531535694505,68.7857313400361,74.46222618000523,5.651256245274913,83.2415300578277,96.0048273497114,10.736434395906947,Fault
TXR-0078,2016,100,ONAF,Zone 1,157.62149266210022,173.14968313545685,11.318817805195847,46.795286433851956,60.119284618016735,6.054461173701364,52.66408406995718,63.641124436296906,7.775429451796152,Fault
TXR-0080,1998,250,ONAF,Zone 3,113.27567479391428,149.72294963141852,22.418335936956,57.64413223601455,66.2914417199202,5.57662841458458,68.26000903175164,77.65606347021999,6.6827557802521484,Fault
TXR-0081,2006,500,ONAF,Zone 3,111.41447850875352,127.91088925403976,17.233461243546305,60.614603587279674,69.45940850288792,4.737858036150935,81.42836805245673,92.25359268762996,7.758112689420751,Normal
TXR-0082,2019,1000,ONAF,Zone 3,127.64340930994776,351.1787940442965,109.92583628803813,51.938615741008874,56.05652242549801,2.948436962342908,59.30333203435232,65.0136686732657,4.0534896204127495,Fault
TXR-0083,1998,1000,OFAF,Zone 3,119.52596203589825,133.5779370477457,8.408318434790306,61.721046724131725,66.95239815675804,4.087048345600917,83.29990227013155,90.62445515148474,7.208374374083636,Fault
TXR-0084,2012,100,ONAF,Zone 3,18.521709487049314,47.2214754857246,15.664909730673676,60.5345180387724,67.37484230419616,4.944376902054017,76.89976047706824,86.74646580787585,6.774637578100415,Normal
TXR-0085,2001,250,ONAF,Zone 1,57.93071305504227,78.30136555729945,17.67995535538267,62.225178169282856,68.02119590049298,6.05420871068988,90.10580935605034,108.55832185538954,14.45514285894807,Normal
TXR-0086,2011,250,ONAF,Zone 3,77.19256707373852,90.8045878089249,11.774597983570407,56.09876066662789,61.63044087648812,4.15213080064554,72.44013264403773,78.01851481556398,4.060979891948236,Normal
TXR-0087,2022,1000,ONAF,Zone 3,58.93195093889378,67.06210235779733,9.894742640432948,64.36811008075718,67.58500412106335,3.372231688310577,82.79654281099742,91.0551780443087,5.62524256691083,Normal
TXR-0090,2000,250,ONAF,Zone 3,85.04037640606148,106.10983859086726,12.659005860818132,60.16529608664925,67.75161968431297,5.924544591910274,77.19433098607648,84.33269592934676,4.13445846974938,Normal
TXR-0091,2007,100,OFAF,Zone 3,127.41879234793409,149.48314794190344,17.478831344529482,59.55657349791907,62.85205004618358,2.4078997890317977,79.77405821770132,99.68647556973563,10.485884925722393,Normal
TXR-0092,2012,100,OFAF,Zone 1,156.04018397145163,165.24913874488757,7.466892937625781,42.21808558128196,44.9100376882807,2.788119755257791,49.965274517013924,58.78156814988301,7.200941190062063,Normal
TXR-0093,2014,500,ONAF,Zone 1,198.6289091502038,211.90322378730764,8.984112089268061,63.95436920431122,69.49698346020342,4.1375735602657455,83.00071086365179,98.93917401885705,8.86462829179922,Normal
TXR-0094,2014,1000,ONAF,Zone 1,6.7288063457544185,25.426615187073573,10.938384976228921,51.5111778448871,57.72679305919385,3.831423713650041,62.3420655890177,76.08268376574442,8.591371217769165,Normal
TXR-0095,2014,500,OFAF,Zone 1,68.33313792429726,84.95278843889136,17.971695117215653,44.78952708184812,49.12560254573143,2.857553885116552,52.81884642467058,69.66521986965003,11.266371921746853,Normal
TXR-0096,2012,100,ONAN,Zone 1,95.925852847181,123.3879608836418,14.922575092102099,61.09379990455553,71.10935567954341,6.395177061525957,81.71808844958608,88.47414737673874,5.64747104586725,Normal
TXR-0097,2022,100,ONAF,Zone 3,69.38585906997623,77.63407755475521,10.587573869262142,62.95876854129579,76.27052049753638,8.71899136395392,86.56795271614986,96.79790332876368,6.8429594430607406,Normal
TXR-0098,2004,500,OFAF,Zone 2,83.75356326006093,104.35151026167124,15.513590492024555,57.33066188849327,65.12510657355742,4.219465417254392,76.20446161818882,87.37645279538664,10.918224335817882,Normal
TXR-0099,2022,500,ONAN,Zone 1,113.94630135150803,138.25676393944082,15.8524516886914,44.82088842984908,53.87783575630971,5.477690550882546,50.527575916030486,58.63984268253844,9.970582079907741,Normal
TXR-0100,2015,250,OFAF,Zone 1,50.767289975842935,74.96646038213645,17.607774515130874,56.15900407848524,63.726015670382,4.767638906605967,79.49311751500737,94.57976538281002,9.128789814327654,Normal
TXR-0101,2002,1000,ONAN,Zone 1,50.82119392253878,74.00437095538766,14.635412534010122,52.31350830020505,59.01238971586985,3.914037649342853,58.22782352801721,70.6487136206011,7.69393009138276,Normal
TXR-0102,2014,1000,ONAN,Zone 3,89.79980147771509,115.38058800360952,20.718414521305725,59.23790497795373,66.442272578833,7.2225584171551676,78.87186762089435,96.41311215507068,8.839310204452829,Normal
TXR-0104,2001,100,OFAF,Zone 2,103.8453340498199,269.4328109555412,63.73202537049216,48.83539030526423,53.9595862279249,3.181969053321643,65.65092860019799,74.51187240888297,7.523049485334832,Fault
TXR-0105,2010,1000,ONAN,Zone 2,78.0440162027534,103.97429847405635,17.913670394855647,58.558418636595974,71.8034723500837,7.002884858658738,78.27272374370392,86.63737785397261,6.934096206696031,Normal
TXR-0106,2022,250,ONAN,Zone 1,136.44666344980945,152.0644756954488,12.505815240696041,52.2831005513273,56.441320210358185,4.733927170680219,75.2569189308426,87.62173302064825,6.8343436442250445,Fault
TXR-0107,2016,100,ONAF,Zone 3,75.51423214283692,293.591815606451,122.95388545646699,51.93575391924121,58.51822534822747,4.171006567292723,67.35658122682247,90.2596078139818,11.824481927955453,Normal
TXR-0109,2005,100,ONAN,Zone 1,26.233262557638145,56.677499320002944,17.23639731773751,58.595782480183594,71.08391000662067,6.510693007569286,76.17554650196982,91.11796512272365,11.91194230106433,Normal
TXR-0110,2001,1000,OFAF,Zone 3,28.284150211359446,32.30572421440877,2.7452901728830157,57.298188786530666,70.27819894600944,8.882425813068892,76.48253229681508,82.19326386095234,5.07070555470958,Fault
TXR-0111,2022,100,OFAF,Zone 3,137.14201252212146,298.7314544625858,80.95617343100771,60.77187576027841,68.10564483334187,5.320673910451241,84.7794675940962,95.55399684044652,6.829098845774288,Fault
TXR-0112,2016,250,ONAF,Zone 2,64.8339974850169,77.53615980057793,5.878829552946076,63.88311142406063,72.26380639186713,4.65357136024099,85.65552669686417,103.62261771553716,7.564821773460218,Normal
TXR-0114,2014,100,ONAF,Zone 3,71.1368987610619,93.1845871681732,13.15437311675012,57.995900793528904,62.86123313345316,4.508915311363904,74.49199390806912,82.58641476111276,6.527616756650195,Normal
TXR-0115,2016,250,OFAF,Zone 1,114.2265172844213,134.41196618205814,15.441470190516977,71.62207471274262,73.04740156996391,1.9643782788911632,99.86641989298425,112.33431160584084,10.354261156763737,Fault
TXR-0116,2015,100,OFAF,Zone 1,160.65792672790494,174.03518958913963,11.101094315233498,59.46260149975567,66.49500765764833,6.1136907951473844,71.67968958774381,79.36968086655729,6.256935817073209,Normal
TXR-0117,1999,500,ONAN,Zone 1,152.05615074495623,315.83921272837426,58.09210818406739,56.87099399286541,72.71910378444547,6.8504631333358885,75.8399752345825,85.39087088572484,7.348718429786258,Normal
TXR-0118,2001,250,ONAF,Zone 2,65.03510912989825,84.77719116885464,13.61644696492053,55.60779948994235,62.06320984868943,5.4673114706327235,69.12257938858936,80.82031452357285,8.382277768854042,Normal
TXR-0119,2006,500,ONAN,Zone 2,88.09774472534845,115.01595703510276,16.769809239348522,56.79957069674753,65.06362552621876,5.012801791728352,73.13176122058523,87.7663244552318,10.636891089727984,Fault
TXR-0120,2020,250,ONAF,Zone 3,91.69638247836431,121.4873374007582,22.425956950497273,57.827120501637665,67.1173987055445,5.011116874443218,80.2836506590866,90.16356107340992,6.350292208635922,Normal
TXR-0121,2019,1000,ONAF,Zone 1,75.21523557552048,111.77893940008448,21.357770486729915,64.73485291043475,74.54218429619799,6.437575824701804,87.94767804377045,99.14168856580466,7.40535701828022,Fault
TXR-0122,2009,1000,ONAN,Zone 2,131.18181593573613,146.51804604248017,12.091050782134598,52.77211088983181,59.84524251266215,6.930243040660175,59.906202107627216,71.75331392985532,10.408558804970768,Normal
TXR-0123,2001,1000,OFAF,Zone 1,46.929781206951034,80.54050719850305,19.09894006472658,44.18272397264325,47.185076561930046,2.4862989175816126,59.65560985232971,67.65117481232423,7.398677920939839,Normal
TXR-0124,2000,100,ONAN,Zone 3,126.63106271558844,139.6003482935552,7.468378433086377,49.2805699322478,55.39013616335797,3.829516190815783,51.492194451000216,58.467360845371225,5.8095785847235195,Fault
TXR-0125,2012,1000,ONAN,Zone 2,78.9087925107809,106.47399410510867,18.38111733751588,58.31755529104936,65.6042491665161,4.857300176218298,72.3539623022057,77.14891830465929,5.1141903787799645,Normal
TXR-0127,2006,100,ONAN,Zone 1,118.4297924254721,138.96195783861845,15.324582382981013,54.22121542875791,61.902893451765046,5.611401700936334,70.44323735648891,81.85560561284723,8.595963476431736,Normal
TXR-0128,2009,500,ONAN,Zone 2,68.94802682920418,103.71468229559204,14.495288987222287,52.926743860075035,57.82767549621237,3.834666960422304,59.88529839136029,73.09229802957259,7.66643111578763,Fault
TXR-0129,2013,1000,ONAF,Zone 2,64.69143540161218,72.31302402809825,7.561963714598753,49.40254934904319,57.74396980751164,6.5972398433735115,68.62378206036189,75.4696975789301,5.942252591946529,Normal
TXR-0130,2008,250,OFAF,Zone 2,62.80545920716754,79.77876360874346,18.58385525321115,57.951898115546236,65.37938681656095,7.890321173182045,77.24884760735854,88.79197338309172,5.086287671801317,Normal
TXR-0132,2015,100,ONAF,Zone 1,136.57059649439577,157.1361553172726,14.3127329621582,58.351091848775624,65.60115728963909,6.066886552929611,81.3406836638443,98.09407817192772,8.316135213119198,Normal
TXR-0133,2014,250,ONAF,Zone 3,37.0533070653069,52.513117172639056,11.587898028885588,63.988602621889534,73.57092521480165,4.724777978567073,84.30898887626388,91.3595598594868,9.157658451298234,Normal
TXR-0134,2015,1000,ONAF,Zone 1,41.95198786170661,193.1323639642208,57.73385249231706,51.11010783480518,60.30215410912617,5.135884222499292,63.453887764149805,79.68380883279909,8.989065814476847,Normal
TXR-0135,2012,500,OFAF,Zone 2,155.01845028400498,175.32915850181683,16.660330342199455,60.951096566277,73.26563582253294,6.831504251708474,80.36866039360042,86.172876664443,4.977929474179405,Fault
TXR-0136,2006,1000,ONAF,Zone 3,189.3812864233641,201.12875463350983,8.814721845814455,36.85897918071579,42.878450407415286,5.306632520500804,27.598779448556854,39.20359621261851,6.684564604793348,Normal
TXR-0138,2000,500,Unknown,Zone 3,98.51339318718594,131.9130843011681,17.891643115153887,60.0187203001261,70.70593161598475,5.810242646528679,72.15916155487683,79.39937859492831,5.946137085976766,Normal
TXR-0139,2020,1000,OFAF,Zone 3,86.73105369182272,100.67566142482634,16.682559276276116,56.289976206451186,60.49494872604908,6.829734562029462,73.79782276623108,88.11026800886586,8.283475018952943,Normal
TXR-0140,2000,500,ONAF,Zone 2,54.620344843293836,63.0471189703304,9.298660488680738,54.59928065569263,59.48987899244703,5.1149953014618825,57.444995676475244,68.17581443403694,9.43549646018161,Normal
TXR-0142,2011,1000,ONAN,Zone 1,74.88070587509579,92.6894833648733,17.059138050850745,49.48747009479649,59.74750758306973,6.5194279801321775,60.924614852332674,75.37690610195241,9.194099649500023,Normal
TXR-0143,2016,1000,ONAN,Zone 2,66.63371008656378,91.58609914310676,20.018541845958676,50.34351675535618,54.8571214387275,5.286394131111752,66.64317498360319,70.81062450740765,2.935072239380768,Normal
TXR-0144,2021,1000,OFAF,Zone 2,121.51750733326337,141.78436887356847,16.69442566045995,55.53582453556058,61.40795524629159,5.283614942263392,72.38929275121217,80.92551878453776,5.66203767617768,Normal
TXR-0145,2011,100,ONAN,Zone 2,17.421362038831347,60.86837851465187,22.975112495365533,49.117468553326745,52.49869418326293,2.7264493534701764,49.92773670142902,67.82823326891437,10.134460537175292,Normal
TXR-0146,2005,100,ONAF,Zone 3,74.86775945171698,90.40977228479636,10.475772715168173,59.00545101875747,65.7249232290519,4.214851710226631,76.94138804109451,93.26169968863128,10.345309256570104,Fault
TXR-0147,2017,1000,ONAN,Zone 1,136.52165822808783,162.3805383426368,17.418786798807687,55.40196186816424,62.62562420342206,5.683774907151936,73.19099024534059,90.9456188866462,10.169062601815096,Normal
TXR-0148,2004,100,ONAF,Zone 1,112.13453678473718,120.01194114266112,7.1735529255915855,48.70132067464168,49.9169871129188,0.8517929523821667,49.50494051781827,58.902145255485074,7.487046576182228,Normal
TXR-0149,2012,250,OFAF,Zone 2,11.587332106540922,28.522254038591,11.414244237085425,54.9585559974449,62.66662622212503,3.7593040960836994,81.4912243522815,92.09085362988311,6.695483473209521,Normal
TXR-0150,2002,500,OFAF,Zone 2,103.72291636979158,124.015916984747,23.88506909085777,61.2300054766862,69.16462347246254,5.508658430128736,74.08447841940944,81.74950877394618,4.472294935772379,Normal
TXR-0151,2004,250,ONAN,Zone 1,49.57654088422727,65.40236902773323,11.902026407837104,65.82489024935691,72.40025660808743,6.089743633091399,81.6982431730134,94.64046757759888,5.145799150703371,Normal
TXR-0152,2015,250,OFAF,Zone 2,120.74008866408899,149.08618951487347,20.06153090908201,33.48636840487772,37.21184928326111,4.71237039764951,34.16669651655057,50.23983009981405,7.796306760106007,Normal
TXR-0153,2015,250,ONAF,Zone 1,192.01439007321682,443.4509581935122,90.88214033134875,57.581294548154666,63.26559962144057,4.761699606125098,73.84632545976322,81.70522582184682,6.327677770141134,Fault
TXR-0154,2011,1000,ONAN,Zone 2,128.99037322005762,311.3004789624539,74.25093973456498,63.62811159480523,70.23210610721156,4.54708201229577,87.80338057016162,97.6825532060396,6.665522015440042,Fault
TXR-0155,2015,1000,ONAF,Zone 1,41.40934747075574,69.296307700258,18.087777241212077,44.831087211719684,48.09062527115682,3.986132798603397,53.706504120100476,64.57681137835613,8.468617438062468,Normal
TXR-0156,2019,500,ONAF,Zone 2,46.87032733865531,67.2856469162364,19.432543681105102,45.07730636320965,55.25360476801025,5.628562599663383,49.65225904402815,61.69401811329811,9.487965298348433,Normal
TXR-0157,2007,100,OFAF,Zone 1,124.26104648742171,139.60499911333477,12.654912825851357,58.95737482159335,70.6029423405063,7.545865695356402,72.70583658154852,83.87133361341355,8.75475024406282,Normal
TXR-0158,2015,1000,Unknown,Zone 2,37.6706684195557,64.23070695124503,14.802585876024525,54.609861974715045,59.85851042975548,4.6891144176945625,69.8033236777999,83.28340829717432,6.711733393987393,Normal
TXR-0159,2004,500,OFAF,Zone 1,91.26594383076474,116.56350013614662,17.91241518035243,48.50400980100203,54.15816798454477,5.340689658529939,55.54589085719358,68.41365380869865,8.56000638171657,Normal
TXR-0160,2006,250,ONAN,Zone 3,8.904689659600272,27.20724242331901,8.551565228039552,54.490706939266815,62.22737719242196,4.882333791148145,70.83625701822994,80.80503857303896,6.638181812214915,Normal
TXR-0161,2019,250,ONAF,Zone 2,114.09348842667609,134.09989128265082,14.462518012579432,55.50125254269607,60.71377903893154,3.4477412119388386,70.51253786890739,77.34745474573712,6.743984226181433,Fault
TXR-0162,2015,250,ONAF,Zone 2,101.36767730044753,114.57495758834484,17.702982539938766,53.576788124910536,55.72418443171611,1.783518646618618,62.69356490593479,76.17212350063373,8.63230229706485,Normal
TXR-0163,2018,250,ONAN,Zone 1,39.14857846562388,60.1962532008117,15.971347064348544,41.949813476477914,48.88672177808547,6.22217305779179,35.564295308463876,45.41596971487063,6.776592851494021,Normal
TXR-0164,2016,500,ONAN,Zone 1,138.1222986712605,156.10495381899352,19.36659761846559,57.567606549014954,61.817105717591765,5.9574564803071075,67.52143356764245,83.44934726452591,8.52755257486427,Normal
TXR-0165,2015,1000,ONAF,Zone 3,133.90494660687432,145.02012403875833,9.025703262676153,57.86793133855924,64.24406170428655,4.197443100469089,79.03543991811871,96.37363436075702,8.983601740581959,Fault
TXR-0168,1999,250,ONAN,Zone 2,17.872288801035033,25.881285881203677,7.35305482963653,59.809747166024295,65.41770432868394,5.041434655512508,81.0642425356614,84.8770973400578,4.281299456167426,Normal
TXR-0169,2004,1000,ONAN,Zone 3,105.15296837310113,130.4545284997831,18.875052805818367,57.65508986882833,65.89118268469375,4.845335989167833,79.93783266151777,100.12707348383516,9.886053142082845,Normal
TXR-0171,2007,500,ONAF,Zone 2,91.92649695347271,110.55774905161115,16.066860143609265,54.28165627493116,58.54487959744554,2.474875518546197,70.4320903045511,88.34141592910186,11.14927062902502,Normal
TXR-0173,2019,100,ONAF,Zone 1,113.99973135518094,119.78407541022284,6.557302024256737,54.683575658488536,57.3541801747691,3.760509181424581,68.32942475752404,74.79784185216937,4.559852001714167,Normal
TXR-0174,2021,250,ONAN,Zone 1,90.939814966701,108.28821468927424,13.261497801043229,56.597871225644255,62.602813218113866,3.8175310099553874,73.49441397838332,89.3447236378501,14.099321464895285,Normal
TXR-0175,2009,250,ONAN,Zone 1,43.850225478379706,53.57080899504415,8.484026781029758,63.31813873678535,66.9950915308872,2.219562062255232,88.11660136517276,95.22406884441928,5.620052261402861,Normal
TXR-0176,2008,250,ONAN,Zone 1,111.02435015891874,127.12074880170375,13.33581436527746,59.06884916306033,66.18829417664466,7.259075672503948,80.67792341821682,93.2778882089424,8.103916803269165,Normal
TXR-0177,2004,500,ONAN,Zone 3,147.44655420806063,166.6093025269183,13.171231217327605,58.34973055674521,67.84911612756623,5.920577854019895,70.52130599927897,77.86115768809927,5.717388408356648,Fault
TXR-0178,2004,100,ONAF,Zone 2,103.39381701446865,147.54867496901642,22.17762097980514,50.55461480151027,60.15101749924276,4.920590753436379,69.58240216148025,78.43910894787096,5.888940577362066,Normal
TXR-0179,2016,250,ONAN,Zone 2,48.78505821858713,80.09969939329278,16.102995636099898,61.01669258945183,66.02923417690462,4.8550581256211425,72.41515882283322,90.41831468223847,10.695794766518903,Normal
TXR-0180,2008,500,OFAF,Zone 2,106.85479587444449,131.34131968927258,20.00606112440915,50.54979786534707,52.57521563681004,2.352327938528014,67.29376373990904,80.69192623638641,7.281784731564307,Normal
TXR-0182,1998,500,ONAN,Zone 3,40.05352056022039,53.47896422525511,11.705227339114662,42.302437605807704,49.57764005331199,5.012628163712624,52.743832143117,82.484976226849,17.714733228129667,Normal
TXR-0183,2018,1000,OFAF,Zone 3,74.88150317623794,88.80010857813394,15.449823669473762,62.30870915948121,66.38340171138677,2.9797324597287593,84.31149968115392,90.60626350753496,6.4262197812751705,Fault
TXR-0184,2004,500,OFAF,Zone 1,81.71883862465181,104.13379379494776,14.935497147100325,54.49656862612758,60.611345741706025,5.164773383641683,71.49740203541627,79.48330629064989,8.35437454698186,Fault
TXR-0185,2011,500,ONAN,Zone 2,72.49363252911978,96.52041334826872,19.591638949316035,47.00692074009918,50.804158180497325,3.5167050058133156,51.30597694365308,59.50689360304391,4.983785340374589,Normal
TXR-0186,2016,1000,ONAN,Zone 3,115.54077797892023,142.56175261883664,22.21839833081081,54.06624131692371,57.18309087155296,2.6908237799140444,69.75584969210327,82.06639597255469,6.976614754690298,Normal
TXR-0187,1999,500,ONAF,Zone 1,101.78933926631508,111.69193905194707,11.744337240339114,66.14989470834107,68.57364806258715,1.9830432182782125,83.92408109534973,86.80645022115837,2.5998536219025774,Normal
TXR-0189,2007,250,Unknown,Zone 3,187.58697998539543,206.4616472507985,16.333945662084744,63.26221146744946,69.11742436108909,3.9931041409448014,91.74651943496966,103.5748759874894,11.217885647285346,Fault
TXR-0190,2011,100,ONAF,Zone 2,62.73188382267568,79.71244897018899,13.56920544183256,47.10097404539357,54.86919578710511,5.890818221016993,53.61286895842598,63.00809344146119,6.543919488662477,Normal
TXR-0191,2019,250,OFAF,Zone 1,77.02393537934324,99.80621455263972,24.280804955807287,50.06449795546301,54.32860332414854,4.974563546575698,62.43465275113615,69.30774212278175,6.73226419686179,Normal
TXR-0192,2010,100,ONAF,Zone 3,21.679721530860398,51.27721369501491,15.073254534230795,64.80162303033075,74.58467397022405,5.789713864749672,87.79019578239289,95.42019631883625,7.48433257863167,Normal
TXR-0193,2001,100,ONAN,Zone 1,85.83293851389874,106.5286364349048,13.57003272227124,57.39723205138338,65.96308592940949,4.51078061484968,71.61263910647716,85.61911789917804,8.682572400635069,Normal
TXR-0194,2017,1000,ONAF,Zone 1,148.6568836342507,370.51455301580745,83.77231699051086,61.20185353651141,68.80044289854406,4.1014507043282515,84.818248379923,95.8197152883404,7.648006966624855,Fault
TXR-0196,2003,1000,OFAF,Zone 3,63.90086119847744,86.5920117498479,15.654872398903258,54.426776166585306,61.23021278302888,4.708228071799554,74.11739531145912,83.89287540973655,5.659197607844462,Normal
TXR-0200,2020,500,ONAN,Zone 2,116.4264603127992,129.68055021412607,15.040967888550913,44.60689541317384,48.904457264325146,3.6304998281968213,47.93072221483873,59.909570784293365,9.687970702145817,Normal
TXR-0201,2011,100,ONAN,Zone 3,56.01632688699007,65.37750033232913,6.386639445564654,57.28724795331201,65.19054722699656,6.276517080950573,75.00357445854021,95.0934420727444,11.678784825246723,Normal
TXR-0202,2016,1000,ONAN,Zone 2,59.691925408479996,73.65258721278906,14.714558562062214,51.30804605264567,59.24845351854161,7.6481583627507606,71.94987219882364,84.20564089462883,9.388627809361394,Normal
TXR-0204,2021,250,ONAF,Zone 1,189.1946537545874,200.39742840506997,7.7383079195877364,58.5923731632686,63.1394113840155,4.4715563374629195,71.2082979789845,82.68900586368815,6.562753888527896,Fault
TXR-0205,2009,100,ONAN,Zone 2,167.52855637266427,196.21588916892148,18.80757978880806,39.48313781410061,42.099838016301085,2.8095230191197293,38.8766422600972,45.19324537253416,5.5320789091590745,Normal
TXR-0206,2020,500,ONAF,Zone 1,114.57220847121292,132.77238269276526,13.924458578693828,47.786868010396965,55.3383987208671,4.2694835229647286,55.436818820204145,63.01143898036712,4.2321535186357915,Fault
TXR-0208,2008,100,OFAF,Zone 1,62.32221635229389,101.19446844155198,24.581090129991857,53.64357884870786,58.150786859398735,3.9572735065766422,69.75437438706439,80.8669635305457,10.571161374831302,Normal
TXR-0209,2005,500,OFAF,Zone 3,202.74028611219143,220.9955703530889,10.670534654734482,60.06590391374516,65.98182435764434,4.48238792221987,83.58795774407396,100.75130840262426,7.0961187064166396,Normal
TXR-0211,2022,100,ONAF,Zone 1,151.928161598595,177.7423485173926,24.386411849041718,51.983217836937776,56.50124593097768,3.216671617784682,62.38539612831693,71.75925000346847,6.745554960494058,Fault
TXR-0212,2018,250,OFAF,Zone 3,69.75853920912797,87.89127376652459,11.18606419818052,56.33408477831157,66.44749436418074,4.6021673025370236,71.3383225746791,87.19293592323056,9.84958037464073,Normal
TXR-0213,2011,100,ONAN,Zone 2,4.400551523723444,23.452408871746137,8.511421855946068,60.97866019110684,67.75353177186804,5.09319717439046,79.0580899819936,85.67549344419464,5.532231476911983,Normal
TXR-0214,2009,250,ONAF,Zone 2,24.850678330308696,48.72466363179227,15.635666079011918,54.46258283158001,62.49944359026232,5.00483655527407,64.40346654416554,80.44409293471276,9.710448324001689,Normal
TXR-0215,2005,250,ONAN,Zone 1,91.4724959513697,96.5970985849568,4.768426802787125,47.701687080651624,52.764601886354185,4.043006857972099,62.49864593840819,69.40056652449441,5.857949026909265,Normal
TXR-0216,2010,100,OFAF,Zone 2,127.90502080327498,139.34714938588075,10.345641850846423,52.69474957132619,54.03971944387193,1.3675642103569712,76.05598046034986,91.10425642377116,8.617615878541102,Fault
TXR-0217,2021,100,OFAF,Zone 1,84.9285118073323,98.99367978921124,13.762772409814946,52.8266203216085,58.36054496335094,4.433115210194902,62.74788267907088,70.49706810727561,6.352291420255221,Normal
TXR-0218,2008,500,ONAF,Zone 3,48.50644671289328,61.147518326829854,8.673491038005075,49.91484279212465,54.77974040457839,3.8582393433856823,63.89628982887448,70.55514150514777,6.165935882604348,Normal
TXR-0219,2015,1000,ONAN,Zone 3,19.302890015250227,39.96629695776984,11.851320146791295,43.04920903210835,55.23017361012478,5.716871744003704,46.35199913706596,57.46543624201456,6.338472640946451,Normal
TXR-0220,2007,250,ONAF,Zone 2,54.08116529956019,77.90372079955122,12.825838454564023,59.50761471606401,64.89749090583233,4.072031337910864,78.75809623885503,87.5956161501511,5.537150891554001,Normal
TXR-0221,1998,1000,ONAF,Zone 2,94.36509522822375,120.57060504629388,17.047148717598994,60.38002743667303,67.95622697373568,5.836027869493573,80.71472908594646,95.10528579915638,10.564996992677864,Normal
TXR-0222,2019,100,OFAF,Zone 1,80.07323272238385,96.564841327814,14.159807150696395,63.24435350761976,73.35213674335813,7.89120752142502,90.25213403001383,98.30206494090376,5.857715409754725,Fault
TXR-0223,2001,100,OFAF,Zone 2,109.41189496211027,126.81796193843438,11.074697548796678,52.65672270469928,62.66313521096762,6.194441918836377,60.74637659233985,70.11796341617207,6.662477391731161,Normal
TXR-0225,1999,100,ONAN,Zone 3,6.446404432992671,24.27578960661713,8.406897544850322,53.179625790660715,60.03038484540237,4.293927297514338,73.6442902630011,85.14432506190062,8.054410300570432,Normal
TXR-0226,2007,100,ONAN,Zone 3,124.15713512715197,144.22911842834827,14.11788185101615,52.265360460966086,56.89947524030982,5.58474159611774,70.40743588978603,80.87481742276842,6.730786457672496,Normal
TXR-0229,2013,500,OFAF,Zone 2,43.40481388288668,71.9212469324386,14.66792335665862,56.87394854411766,61.95842330957784,3.080508419507105,80.6436538196331,97.97145759141875,12.690999385593807,Normal
TXR-0230,2002,100,ONAF,Zone 2,86.27755784825719,98.9242295527996,7.298493637912232,58.47022808745023,63.48929197047571,5.394439921602746,82.89640856679969,93.51854133708692,6.113920071048812,Fault
TXR-0231,2012,500,OFAF,Zone 3,103.32612383823245,281.4170418009272,90.15991979500173,51.32963329502787,60.42100393124375,4.778203598234181,62.88893516686563,79.36175610940752,7.810503316023382,Normal
TXR-0232,2010,500,ONAF,Zone 3,137.08451670706938,162.50411152067224,19.538469623629574,47.5975724174302,60.00490219825883,6.317569794080192,50.50561782122401,66.68077167856963,11.747653269877093,Normal
