record_id,transformer_id,log_date,load_pct_of_rated
LOA-001633,TXR-0193,2024-01-27,78.0161183018417
LOA-001418,TXR-0165,2023-02-12,80.28406454453753
LOA-000816,TXR-0096,2023-10-15,73.87034557806793
LOA-000437,TXR-0050,2024-02-14,53.933939268967976
LOA-000537,TXR-0062,2023-04-22,109.10661366480488
LOA-001547,TXR-0181,2023-01-05,62.38400131401661
LOA-000281,TXR-0033,2023-10-07,61.198547625731464
LOA-000009,TXR-0002,2023-07-01,51.63956573340745
LOA-000812,TXR-0095,2023-12-07,44.72754082509021
LOA-000591,TXR-0069,2023-10-15,66.46563684931503
LOA-001332,TXR-0155,2023-06-30,53.98053206892424
LOA-000677,TXR-0078,2023-04-20,44.823294664942814
LOA-001700,TXR-0201,2023-06-02,65.35430321714053
LOA-001482,TXR-0173,2023-12-20,63.268706653257276
LOA-000926,TXR-0108,2023-07-03,63.55567455846208
LOA-000865,TXR-0102,2023-09-10,75.38593713360453
LOA-000294,TXR-0034,2024-02-07,45.85224198400367
LOA-001741,TXR-0205,2023-06-03,43.025781391031295
LOA-000973,TXR-0113,2023-07-29,78.69563280461003
LOA-001467,TXR-0171,2023-10-26,71.76758187333759
LOA-000234,TXR-0027,2024-06-29,66.501506990448
LOA-000043,TXR-0006,2024-04-21,44.900400220277156
LOA-001546,TXR-0181,2024-04-24,48.645561756127506
LOA-001094,TXR-0128,2023-08-26,50.92835315587509
LOA-000302,TXR-0035,2023-02-09,50.79107670496543
LOA-001134,TXR-0132,2023-10-13,98.09407817192773
LOA-001494,TXR-0174,2024-03-12,63.11651685201922
LOA-001490,TXR-0173,2023-03-04,68.5443299052484
LOA-001734,TXR-0205,2024-03-17,35.2695594874274
LOA-001767,TXR-0208,2024-05-04,78.47140276870896
LOA-000748,TXR-0087,2023-02-06,81.5023922755375
LOA-000209,TXR-0025,2023-06-15,61.09940535208234
LOA-000547,TXR-0063,2023-08-06,77.49237250625448
LOA-001253,TXR-0145,2023-09-30,47.48052295643761
LOA-000178,TXR-0022,2023-12-04,59.078812785783434
LOA-000664,TXR-0077,2023-11-13,76.36516839054221
LOA-000706,TXR-0082,2024-03-04,
LOA-001180,TXR-0138,2024-04-19,70.5140867386223
LOA-001645,TXR-0194,2023-05-18,89.04483661427601
LOA-001218,TXR-0142,2023-03-09,62.6891087999473
LOA-001342,TXR-0157,2023-12-07,83.87133361341355
LOA-001185,TXR-0138,2024-01-18,69.48377161064283
LOA-001175,TXR-0137,2023-10-08,
LOA-001051,TXR-0123,2023-07-26,64.94138356249906
LOA-001513,TXR-0177,2023-05-10,71.49722640690356
LOA-001204,TXR-0140,2024-04-09,51.39146805051422
LOA-000035,TXR-0005,2023-03-02,63.92777658456693
LOA-000880,TXR-0104,2023-08-28,58.906078224139065
LOA-001326,TXR-0154,2024-06-10,78.61651301950029
LOA-001558,TXR-0183,2023-02-15,89.45023116885325
LOA-001659,TXR-0195,2024-02-26,61.13335850002237
LOA-000198,TXR-0024,2023-10-30,70.41386622641275
LOA-000579,TXR-0067,2024-02-05,97.92537817610042
LOA-000920,TXR-0107,2023-08-08,79.5090875804751
LOA-001222,TXR-0142,2023-08-25,44.23974683286134
LOA-000107,TXR-0013,2023-04-05,57.26468287921364
LOA-001670,TXR-0196,2023-09-30,73.67251254990582
LOA-001843,TXR-0217,2023-01-30,64.90688372890209
LOA-001127,TXR-0131,2023-07-19,73.48927979636723
LOA-000320,TXR-0037,2024-04-03,
LOA-001879,TXR-0221,2024-04-04,76.14555905675117
LOA-000316,TXR-0037,2024-04-17,84.31032260889825
LOA-001662,TXR-0196,2023-01-07,63.53644056202222
LOA-000893,TXR-0105,2024-02-28,82.08343014903082
LOA-001921,TXR-0226,2023-11-14,59.04126099831612
LOA-000853,TXR-0101,2023-07-23,70.6487136206011
LOA-001910,TXR-0225,2023-03-16,85.14432506190062
LOA-000336,TXR-0039,2023-04-13,54.00965041768638
LOA-001634,TXR-0193,2023-07-29,64.15047245925892
LOA-001041,TXR-0121,2024-03-27,85.47778095725114
LOA-001887,TXR-0223,2023-08-07,51.929018657119926
LOA-000055,TXR-0007,2023-05-25,58.91000643082598
LOA-001679,TXR-0198,2024-03-21,67.34923775946926
LOA-000947,TXR-0111,2023-06-04,83.5455578534052
LOA-001020,TXR-0119,2023-12-06,78.8511854713411
LOA-001880,TXR-0222,2023-11-25,96.08555586638508
LOA-001955,TXR-0230,2023-07-02,83.23059294105204
LOA-000988,TXR-0115,2023-04-18,85.8381474448442
LOA-000475,TXR-0054,2023-03-08,55.61696525714697
LOA-000819,TXR-0097,2023-04-03,79.88427286507059
LOA-001845,TXR-0218,2023-02-07,65.18664539223714
LOA-001487,TXR-0173,2023-06-08,59.67022871606687
LOA-000809,TXR-0095,2023-08-29,40.5166299400465
LOA-001270,TXR-0147,2023-04-18,67.99536197026394
LOA-001716,TXR-0202,2024-06-04,61.53957709794658
LOA-001066,TXR-0125,2023-03-27,76.17482272688596
LOA-000365,TXR-0042,2023-07-07,66.25434381927366
LOA-001287,TXR-0149,2024-04-13,76.18706580952112
LOA-000151,TXR-0019,2023-05-09,73.94902155806125
LOA-000397,TXR-0045,2023-11-09,75.5731145061157
LOA-000783,TXR-0091,2024-01-10,86.20878295292
LOA-000424,TXR-0048,2023-08-28,70.8323923650936
LOA-000982,TXR-0114,2023-08-26,77.20685780490783
LOA-001380,TXR-0160,2023-03-17,71.1515046533151
LOA-000379,TXR-0043,2024-03-16,70.26410426645133
LOA-001536,TXR-0179,2024-02-12,60.08836209164258
LOA-000837,TXR-0099,2023-04-03,46.0456818415293
LOA-000090,TXR-0011,2023-01-16,58.22466309217542
LOA-001471,TXR-0172,2023-05-05,56.35109312963069
LOA-000229,TXR-0027,2023-04-27,63.06554367807928
LOA-001385,TXR-0161,2023-11-06,61.42350015809025
LOA-000370,TXR-0043,2024-04-27,53.05797580933498
LOA-001165,TXR-0136,2023-04-20,39.20359621261851
LOA-000318,TXR-0037,2024-03-17,83.49980052641723
LOA-000399,TXR-0046,2023-05-27,62.844653891144524
LOA-000592,TXR-0069,2023-08-23,71.41488313426945
LOA-001618,TXR-0190,2023-08-18,44.92009903006513
LOA-001451,TXR-0169,2023-05-25,79.22756975769057
LOA-001435,TXR-0166,2024-03-25,54.361453563150356
LOA-001100,TXR-0129,2024-03-04,72.72051793510148
LOA-001954,TXR-0230,2024-02-17,87.36316886229666
LOA-000820,TXR-0097,2023-11-17,74.96912525712497
LOA-000416,TXR-0047,2023-04-23,90.92074351461366
LOA-001431,TXR-0166,2023-09-28,54.849250134149855
LOA-001231,TXR-0143,2024-03-20,62.97560543292416
LOA-001257,TXR-0146,2023-12-14,75.9251604690287
LOA-000333,TXR-0038,2023-07-25,54.353828916226824
LOA-000057,TXR-0007,2024-02-29,75.34995028071364
LOA-000235,TXR-0027,2023-03-23,74.23795513434972
LOA-000237,TXR-0028,2023-11-29,72.19506993859217
LOA-001474,TXR-0172,2023-06-18,69.59415247128656
LOA-000655,TXR-0076,2023-11-12,75.24864256171765
LOA-001580,TXR-0186,2024-01-12,72.61721014247007
LOA-001417,TXR-0164,2024-02-05,60.973824678165016
LOA-001093,TXR-0128,2023-10-30,63.89365313419895
LOA-000039,TXR-0006,2023-12-27,29.944073057733068
LOA-001808,TXR-0213,2023-05-11,85.23769593389177
LOA-000828,TXR-0098,2024-03-23,86.97782509862333
LOA-001894,TXR-0223,2024-01-16,56.533732689562
LOA-000401,TXR-0046,2024-01-19,
LOA-001157,TXR-0135,2023-08-03,86.172876664443
LOA-000036,TXR-0005,2024-06-11,63.13063462643468
LOA-000272,TXR-0031,2024-02-03,51.41136584936693
LOA-000630,TXR-0073,2023-10-11,
LOA-001464,TXR-0171,2023-07-15,60.444760668003404
LOA-000772,TXR-0091,2023-03-28,67.0734428952365
LOA-000308,TXR-0035,2024-03-30,46.204509500623175
LOA-001556,TXR-0183,2023-10-16,79.6572146837172
LOA-001107,TXR-0130,2024-05-08,80.11832156419595
LOA-000850,TXR-0100,2024-04-30,74.24181902845321
LOA-000171,TXR-0021,2023-04-15,79.23698232056793
LOA-000721,TXR-0083,2024-06-16,80.26612900650021
LOA-000508,TXR-0059,2023-03-13,59.33447986606351
LOA-000326,TXR-0038,2023-08-08,48.852667068524376
LOA-001923,TXR-0226,2023-09-16,80.87481742276842
LOA-000799,TXR-0093,2023-03-24,98.93917401885705
LOA-000959,TXR-0112,2024-04-26,86.00490085280727
LOA-000873,TXR-0103,2024-06-07,34.429051749526366
LOA-000428,TXR-0049,2023-09-23,49.43187320757131
LOA-001649,TXR-0194,2023-02-24,79.4701405358593
LOA-001761,TXR-0207,2023-09-07,72.29833088073195
LOA-000904,TXR-0106,2023-03-31,72.60339082417913
LOA-001620,TXR-0190,2024-02-24,51.74290722419066
LOA-001037,TXR-0121,2023-04-02,79.11208568483215
LOA-001697,TXR-0200,2023-09-28,48.05717191463739
LOA-000092,TXR-0011,2024-05-04,55.20529975430281
LOA-001744,TXR-0206,2023-04-10,
LOA-001512,TXR-0176,2023-06-29,72.52947637375628
LOA-001153,TXR-0134,2023-05-01,65.15606045816408
LOA-001065,TXR-0124,2023-07-01,54.02043619394694
LOA-000094,TXR-0011,2024-03-01,53.99773596154215
LOA-001678,TXR-0198,2024-01-20,59.995222935360786
LOA-000912,TXR-0107,2023-04-13,65.87577923945236
LOA-000244,TXR-0028,2024-04-04,80.31237187330633
LOA-001432,TXR-0166,2023-02-19,71.98861465445516
LOA-001689,TXR-0199,2024-04-21,54.77752651803592
LOA-001413,TXR-0164,2023-08-07,68.77851306024046
LOA-000366,TXR-0042,2023-07-26,73.02205239251695
LOA-000431,TXR-0049,2024-03-06,68.48847035032524
LOA-000274,TXR-0032,2023-03-02,72.84247922195411
LOA-001063,TXR-0124,2023-06-01,51.48288176092615
LOA-001286,TXR-0149,2023-10-26,92.09085362988313
LOA-000694,TXR-0080,2024-01-27,67.30882214088898
LOA-000977,TXR-0114,2023-08-28,82.58641476111276
LOA-000108,TXR-0013,2023-01-27,48.45580313767958
LOA-001737,TXR-0205,2024-02-15,42.38577043959605
LOA-001254,TXR-0145,2024-01-10,67.82823326891437
LOA-001897,TXR-0223,2023-02-01,66.46253472618307
LOA-001140,TXR-0133,2024-05-23,91.3595598594868
LOA-000645,TXR-0075,2024-06-21,53.86728213794694
LOA-001884,TXR-0222,2023-03-06,
LOA-001298,TXR-0151,2024-01-19,76.24821509527067
LOA-001340,TXR-0157,2023-02-16,56.364973734984815
LOA-001960,TXR-0231,2023-06-05,58.40090396525345
LOA-000211,TXR-0025,2024-05-12,50.945312572696736
LOA-000833,TXR-0098,2024-06-10,66.55216783305974
LOA-001522,TXR-0178,2023-06-02,65.0484671382666
LOA-001486,TXR-0173,2023-12-26,66.10444822594081
LOA-000374,TXR-0043,2024-01-06,57.446512118659456
LOA-001712,TXR-0202,2023-11-02,70.5666488229267
LOA-000505,TXR-0059,2024-01-18,72.4340194785453
LOA-000474,TXR-0054,2023-08-28,32.325588329268236
LOA-001378,TXR-0160,2023-09-15,74.18497449213119
LOA-001139,TXR-0132,2024-06-10,80.26087439736308
LOA-001677,TXR-0198,2023-06-11,82.3725727159294
LOA-000805,TXR-0094,2023-12-27,73.24118572362082
LOA-001296,TXR-0151,2024-04-16,81.89563290068966
LOA-000801,TXR-0094,2023-07-18,66.50758038517462
LOA-000879,TXR-0104,2023-10-14,71.7859778624207
LOA-000185,TXR-0023,2023-07-10,78.75589161656445
LOA-000450,TXR-0051,2023-04-01,81.06346727828222
LOA-000824,TXR-0097,2023-07-25,91.07073536573955
LOA-001406,TXR-0163,2023-06-18,45.41596971487063
LOA-000134,TXR-0017,2023-04-25,80.19376331102677
LOA-000479,TXR-0055,2023-11-02,64.886032925763
LOA-001915,TXR-0226,2023-07-30,75.35013272940098
LOA-001062,TXR-0124,2024-05-13,57.33423533355996
LOA-000910,TXR-0107,2024-05-14,56.30043995919544
LOA-000598,TXR-0069,2023-06-15,79.70549400766335
LOA-001739,TXR-0205,2024-06-20,43.788166962860494
LOA-000114,TXR-0013,2023-03-25,56.32275301351869
LOA-000196,TXR-0024,2023-01-18,71.1113965760025
LOA-001055,TXR-0123,2024-05-07,66.806095683183
LOA-001328,TXR-0155,2023-06-29,42.58081168555097
LOA-001156,TXR-0135,2023-11-10,78.65064012489498
LOA-000969,TXR-0113,2023-06-28,83.52957104730154
LOA-000738,TXR-0086,2023-06-26,71.728871683653
LOA-001599,TXR-0188,2023-10-02,64.81264900799138
LOA-000079,TXR-0010,2023-11-13,62.911545639962355
LOA-000100,TXR-0012,2024-03-27,59.426733860674176
LOA-000121,TXR-0015,2023-07-11,59.97405886758466
LOA-000454,TXR-0051,2023-01-12,86.32950561889447
LOA-001330,TXR-0155,2023-07-17,64.57681137835613
LOA-001791,TXR-0211,2024-01-03,55.7535781670931
LOA-000696,TXR-0081,2023-03-31,81.56900363411947
LOA-001872,TXR-0221,2023-01-27,95.10528579915638
LOA-001608,TXR-0189,2024-03-26,86.85413882673933
LOA-000283,TXR-0033,2024-04-09,66.38788864678511
LOA-001811,TXR-0214,2023-12-20,70.16576286864445
LOA-000139,TXR-0017,2023-05-03,
LOA-000184,TXR-0023,2024-03-08,70.43043229453063
LOA-000566,TXR-0065,2024-03-07,62.49702823459847
LOA-000084,TXR-0010,2023-06-21,44.08295852693798
LOA-000000,TXR-0001,2023-03-16,100.06614543993564
LOA-001146,TXR-0134,2023-03-27,45.34830138616186
LOA-001125,TXR-0131,2023-11-08,69.16708392065088
LOA-001419,TXR-0165,2024-01-04,96.37363436075702
LOA-000708,TXR-0082,2024-04-18,65.0136686732657
LOA-001179,TXR-0137,2023-04-21,101.67267475289925
LOA-001668,TXR-0196,2023-07-09,71.65965321463824
LOA-001171,TXR-0137,2024-06-15,97.36476978546547
LOA-000030,TXR-0004,2024-01-10,62.06974562571496
LOA-000439,TXR-0050,2023-11-16,66.78558487136192
LOA-000042,TXR-0006,2023-06-17,48.799982838959316
LOA-000183,TXR-0023,2023-06-20,70.47736034993595
LOA-000979,TXR-0114,2023-03-06,63.08397319036513
LOA-000270,TXR-0031,2024-06-16,52.834577433383544
LOA-001341,TXR-0157,2024-04-07,67.38900057459676
LOA-001515,TXR-0177,2024-02-01,64.26759097726097
LOA-000010,TXR-0002,2024-03-21,70.50335179333173
LOA-000576,TXR-0067,2023-08-28,99.63770999685794
LOA-000337,TXR-0039,2024-01-07,56.16851399979375
LOA-000615,TXR-0072,2023-06-17,53.37612389317622
LOA-000658,TXR-0077,2023-01-30,73.10804171450002
LOA-000975,TXR-0113,2024-06-30,89.85188275297048
LOA-001596,TXR-0187,2024-03-02,85.05652346264516
LOA-001439,TXR-0167,2024-02-04,84.34749703091197
LOA-001584,TXR-0186,2023-05-25,
LOA-000883,TXR-0104,2023-07-03,49.9784204672859
LOA-000860,TXR-0101,2024-04-25,69.61837045201975
LOA-001124,TXR-0131,2023-07-06,
LOA-000359,TXR-0042,2023-11-13,65.27100841929419
LOA-001657,TXR-0195,2024-06-10,63.34083713633418
LOA-001080,TXR-0127,2023-10-31,74.1649866617401
LOA-000719,TXR-0083,2023-08-29,88.78642711142331
LOA-000287,TXR-0033,2023-07-16,67.46857595502541
LOA-001683,TXR-0198,2024-05-24,84.83412403433297
LOA-001563,TXR-0184,2023-06-25,58.36886380828445
LOA-001147,TXR-0134,2023-08-25,66.90812413249365
LOA-000465,TXR-0053,2024-04-24,58.15207892949037
LOA-001871,TXR-0221,2023-08-13,73.81236599771056
LOA-001347,TXR-0157,2023-02-07,74.06661949599838
LOA-000881,TXR-0104,2023-01-05,74.51187240888297
LOA-000760,TXR-0089,2023-11-27,88.73724703199393
LOA-001775,TXR-0209,2024-02-03,80.43522437443406
LOA-001384,TXR-0161,2023-11-19,63.27050221832394
LOA-001948,TXR-0229,2023-06-29,89.40977890428313
LOA-001083,TXR-0127,2023-01-25,65.2839330713956
LOA-001416,TXR-0164,2024-06-26,64.27045468314914
LOA-000400,TXR-0046,2024-02-15,
LOA-001229,TXR-0143,2024-04-05,66.3375661460292
LOA-001271,TXR-0147,2023-12-25,69.89241765367086
LOA-000352,TXR-0041,2024-06-11,83.77628883369925
LOA-000122,TXR-0015,2024-01-15,51.49988601087551
LOA-001217,TXR-0142,2023-11-16,65.10757255430933
LOA-000481,TXR-0055,2023-06-29,76.93688877643734
LOA-001829,TXR-0216,2023-05-26,78.92081271753018
LOA-000078,TXR-0009,2024-03-22,65.9683716257382
LOA-000355,TXR-0041,2023-09-23,66.58419419499799
LOA-000913,TXR-0107,2023-01-15,90.2596078139818
LOA-001885,TXR-0222,2024-01-16,90.42456916907439
LOA-000488,TXR-0056,2024-01-25,68.45208978075692
LOA-000041,TXR-0006,2024-01-15,45.29709055278513
LOA-000711,TXR-0082,2023-07-23,60.308860233654045
LOA-000157,TXR-0019,2024-01-27,54.578945768669584
LOA-000555,TXR-0064,2024-06-22,78.16686656309827
LOA-000189,TXR-0023,2023-05-16,68.15747199227712
LOA-000531,TXR-0061,2023-06-18,74.35734456869905
LOA-001873,TXR-0221,2023-08-25,88.2544426211263
LOA-001557,TXR-0183,2024-05-21,90.60626350753495
LOA-000974,TXR-0113,2024-04-01,74.71353870969023
LOA-001503,TXR-0175,2024-02-18,90.42911368184315
LOA-001211,TXR-0141,2023-05-11,86.3460100394425
LOA-001375,TXR-0160,2023-05-18,74.73276820517258
LOA-000227,TXR-0027,2023-11-27,70.33481467863139
LOA-000023,TXR-0004,2023-07-10,35.89730646494615
LOA-001321,TXR-0153,2023-04-06,77.63759016346981
LOA-001906,TXR-0225,2023-04-07,66.08504630405758
LOA-000222,TXR-0026,2023-08-29,61.62407877218362
LOA-001194,TXR-0139,2024-03-08,84.9501309799737
LOA-000476,TXR-0054,2023-02-11,44.78042435596029
LOA-000154,TXR-0019,2023-01-11,58.338095183854286
LOA-001448,TXR-0168,2024-04-15,77.23753552791986
LOA-001295,TXR-0150,2023-01-20,72.32564512991857
LOA-000432,TXR-0049,2023-05-13,53.98965653234653
LOA-001459,TXR-0170,2023-03-15,73.61679848437576
LOA-000928,TXR-0109,2023-08-03,58.53738623714084
LOA-000553,TXR-0063,2023-04-15,87.35328836562688
LOA-000467,TXR-0053,2023-07-19,74.98741462743111
LOA-000986,TXR-0115,2024-06-20,101.47629489504448
LOA-000898,TXR-0106,2023-03-28,76.53529868298253
LOA-001477,TXR-0172,2023-06-20,53.53640195922979
LOA-000504,TXR-0059,2024-06-25,53.669364247034096
LOA-001030,TXR-0120,2023-04-29,74.55739810105308
LOA-000438,TXR-0050,2023-05-31,78.54904959060093
LOA-000541,TXR-0062,2024-03-23,87.56550382310412
LOA-001617,TXR-0190,2024-03-14,60.85520603225577
LOA-000104,TXR-0012,2023-12-31,69.44073720626425
LOA-001597,TXR-0187,2023-08-08,85.83821912269153
LOA-000736,TXR-0086,2023-09-22,73.75287223485853
LOA-000098,TXR-0012,2024-01-13,64.81246444335308
LOA-001000,TXR-0116,2023-03-02,76.68606507834596
LOA-001220,TXR-0142,2024-06-19,54.67081732842605
LOA-001483,TXR-0173,2023-02-08,69.46876429992471
LOA-001682,TXR-0198,2024-02-29,74.51178718030258
LOA-000091,TXR-0011,2023-08-19,58.52640577487944
LOA-000588,TXR-0068,2023-09-02,40.45174894787976
LOA-000798,TXR-0093,2023-06-22,88.72333909958522
LOA-000681,TXR-0079,2023-03-25,55.26476624653233
LOA-001085,TXR-0127,2024-06-05,75.68455471591464
LOA-001327,TXR-0154,2023-02-04,87.46192381454709
LOA-001740,TXR-0205,2024-01-11,33.40878107840907
LOA-000214,TXR-0025,2024-01-06,66.83752923863435
LOA-000911,TXR-0107,2024-01-23,57.09282036510125
LOA-001388,TXR-0162,2024-05-17,58.1300977105607
LOA-001800,TXR-0213,2023-06-28,70.04461350603567
LOA-000888,TXR-0104,2023-01-27,63.11261227569093
LOA-000565,TXR-0065,2023-11-15,68.77277299589348
LOA-000378,TXR-0043,2023-11-14,56.321005504366966
LOA-000594,TXR-0069,2023-04-07,84.48637548136482
LOA-000770,TXR-0090,2024-05-11,77.7278255639593
LOA-000953,TXR-0111,2023-12-04,92.72908454752627
LOA-000851,TXR-0100,2023-02-24,92.69415828944005
LOA-000525,TXR-0061,2024-04-19,47.86160819436332
LOA-000776,TXR-0091,2024-04-27,99.68647556973565
LOA-001404,TXR-0163,2023-10-15,32.078971016033236
LOA-001753,TXR-0206,2023-12-06,50.52295571006513
LOA-000544,TXR-0063,2023-12-01,84.45058148267597
LOA-001521,TXR-0177,2023-11-17,75.8086285939616
LOA-001708,TXR-0202,2023-09-23,64.30214484802448
LOA-000739,TXR-0086,2023-11-06,78.01851481556398
LOA-001263,TXR-0147,2023-12-22,74.07326259233619
LOA-000520,TXR-0060,2023-06-22,57.93413858384737
LOA-001641,TXR-0193,2024-01-23,60.70585607325887
LOA-000304,TXR-0035,2023-10-31,69.1538268550761
LOA-000095,TXR-0011,2023-03-28,56.30027669543063
LOA-001518,TXR-0177,2024-04-23,68.71625903453983
LOA-000373,TXR-0043,2023-11-02,61.08534198897101
LOA-000775,TXR-0091,2023-01-08,76.59200227149053
LOA-001011,TXR-0118,2023-11-21,63.48828742356495
LOA-001870,TXR-0221,2023-02-05,74.92513431086158
LOA-000669,TXR-0078,2023-09-17,63.641124436296906
LOA-001035,TXR-0121,2023-08-28,99.14168856580466
LOA-001068,TXR-0125,2023-09-25,66.96155668462936
LOA-001777,TXR-0209,2023-08-11,78.1688626716152
LOA-000443,TXR-0050,2023-08-27,64.05893912725043
LOA-001860,TXR-0219,2023-08-04,43.108979125325746
LOA-000989,TXR-0115,2023-08-21,98.87587519201126
LOA-000213,TXR-0025,2024-06-19,68.00227082131431
LOA-001260,TXR-0146,2023-10-14,92.81534577971709
LOA-000499,TXR-0058,2023-08-13,46.14017899979916
LOA-000631,TXR-0074,2023-04-03,75.2502855569965
LOA-001966,TXR-0231,2023-01-08,56.69900495878792
LOA-000841,TXR-0100,2024-03-08,74.87806539185686
LOA-000147,TXR-0018,2024-06-08,
LOA-001799,TXR-0213,2024-01-03,77.55346294741868
LOA-000119,TXR-0014,2023-07-10,77.47263504797252
LOA-000722,TXR-0083,2023-12-26,77.5237956075209
LOA-000856,TXR-0101,2023-10-07,54.83277534433934
LOA-000846,TXR-0100,2023-07-20,89.10545745652682
LOA-000788,TXR-0092,2023-07-28,53.529003651286956
LOA-001918,TXR-0226,2023-02-02,59.97075368717942
LOA-000263,TXR-0030,2023-08-07,66.18147616550668
LOA-001468,TXR-0171,2024-02-03,61.79709085662218
LOA-000551,TXR-0063,2023-05-25,82.32346704752872
LOA-001209,TXR-0141,2023-01-04,91.16341478243362
LOA-000024,TXR-0004,2023-03-06,47.41984373585787
LOA-000614,TXR-0071,2023-10-01,77.86447480224105
LOA-000202,TXR-0024,2023-03-23,71.54031767445868
LOA-001098,TXR-0129,2023-11-16,58.954675730837124
LOA-001783,TXR-0210,2024-03-30,81.70760296935975
LOA-000797,TXR-0093,2023-07-09,77.63485893337382
LOA-000684,TXR-0080,2024-03-27,63.169467322095656
LOA-000254,TXR-0029,2024-01-08,72.43501380527046
LOA-001602,TXR-0188,2023-08-30,51.130881029123195
LOA-000482,TXR-0055,2023-11-16,67.87999856054611
LOA-000688,TXR-0080,2024-01-17,70.35983062267273
LOA-000430,TXR-0049,2024-01-12,68.57501391266545
LOA-000129,TXR-0016,2024-04-23,80.34714863740359
LOA-000118,TXR-0014,2023-01-15,84.50465321803789
LOA-001007,TXR-0117,2024-05-23,79.66672840368382
LOA-001082,TXR-0127,2024-04-22,71.75229565832815
LOA-001475,TXR-0172,2024-03-02,61.55699010876335
LOA-001120,TXR-0131,2023-12-18,74.56145565333038
LOA-001267,TXR-0147,2023-01-26,77.25368637734537
LOA-001446,TXR-0168,2023-05-26,75.7144705862252
LOA-001306,TXR-0152,2023-07-30,40.04960876971447
LOA-000289,TXR-0033,2023-06-14,57.86400613801942
LOA-000259,TXR-0030,2023-07-11,75.01132474781174
LOA-001913,TXR-0225,2023-10-22,79.66255892428752
LOA-001594,TXR-0187,2024-01-27,85.67153143917858
LOA-000528,TXR-0061,2023-06-19,62.80930862919278
LOA-000033,TXR-0005,2023-06-29,48.693032362260915
LOA-000300,TXR-0034,2023-12-11,70.25640603583969
LOA-001228,TXR-0143,2023-05-28,68.91748590691003
LOA-000589,TXR-0069,2024-02-28,77.4872798847988
LOA-000838,TXR-0099,2024-06-02,56.864045216875724
LOA-000435,TXR-0050,2024-04-17,55.67671282754934
LOA-000703,TXR-0081,2024-02-24,88.42349675682632
LOA-000871,TXR-0102,2023-10-16,96.41311215507069
LOA-001320,TXR-0153,2023-03-17,67.43278875736222
LOA-000948,TXR-0111,2023-02-04,95.55399684044653
LOA-000133,TXR-0017,2024-04-20,84.22535116828021
LOA-001126,TXR-0131,2023-12-22,84.9047631740167
LOA-001353,TXR-0158,2023-02-22,83.28340829717432
LOA-001622,TXR-0190,2023-02-19,63.008093441461185
LOA-000016,TXR-0002,2023-11-06,71.61299851102834
LOA-000103,TXR-0012,2023-09-06,74.72664358131067
LOA-001889,TXR-0223,2023-09-20,52.64341391383617
LOA-000390,TXR-0044,2023-05-02,61.29441416409536
LOA-000501,TXR-0058,2024-05-01,50.55437294105969
LOA-001559,TXR-0183,2024-01-11,88.81388536970837
LOA-000516,TXR-0060,2024-01-19,63.58337306625183
LOA-001381,TXR-0160,2024-03-11,64.08277488952602
LOA-000207,TXR-0025,2023-02-14,59.80853536994897
LOA-000032,TXR-0004,2023-07-31,51.86555411595334
LOA-000137,TXR-0017,2023-09-23,76.58996560193802
LOA-000689,TXR-0080,2024-01-09,61.054418336749166
LOA-000967,TXR-0113,2024-04-26,74.9790855801468
LOA-001930,TXR-0227,2024-01-26,76.7216331215701
LOA-000608,TXR-0071,2024-06-25,75.49397894069992
LOA-001619,TXR-0190,2023-05-17,
LOA-001312,TXR-0152,2024-01-17,28.45421330800354
LOA-001237,TXR-0144,2023-11-14,64.13408509041354
LOA-000746,TXR-0087,2023-12-17,79.26853300864447
LOA-001570,TXR-0184,2023-04-18,78.9184603843466
LOA-000678,TXR-0078,2023-03-21,51.84409787927997
LOA-001731,TXR-0204,2023-07-03,82.68900586368815
LOA-001160,TXR-0135,2024-04-11,82.09102454499917
LOA-001809,TXR-0214,2023-04-23,49.21447094562349
LOA-001402,TXR-0163,2024-05-10,
LOA-001405,TXR-0163,2023-12-23,26.381945477183038
LOA-001472,TXR-0172,2023-05-19,62.616893641127476
LOA-001075,TXR-0126,2023-10-06,79.46173709544226
LOA-001771,TXR-0209,2024-01-05,85.59853655272735
LOA-001169,TXR-0137,2024-01-14,86.41669647781119
LOA-001817,TXR-0214,2023-11-22,61.45283630191847
LOA-000159,TXR-0020,2023-04-13,55.88437333913584
LOA-000242,TXR-0028,2023-03-06,82.42198925715026
LOA-000444,TXR-0051,2023-10-30,72.3732882723113
LOA-001797,TXR-0212,2024-04-04,72.29260642943811
LOA-001963,TXR-0231,2023-11-03,56.19370815142791
LOA-000972,TXR-0113,2024-05-25,77.38907654478342
LOA-001273,TXR-0147,2023-02-13,71.165967425938
LOA-001430,TXR-0166,2024-06-23,52.7575711232564
LOA-001426,TXR-0166,2024-01-07,62.172899072550294
LOA-001588,TXR-0186,2024-02-15,71.29968515152282
LOA-000377,TXR-0043,2023-12-10,38.49223574774012
LOA-000120,TXR-0015,2023-03-03,66.00755462491516
LOA-001350,TXR-0157,2023-10-05,75.87193244451751
LOA-000291,TXR-0033,2023-09-22,68.1502836270517
LOA-001640,TXR-0193,2023-03-21,85.61911789917804
LOA-000168,TXR-0021,2024-03-24,62.83568933210351
LOA-001612,TXR-0190,2023-08-08,59.42074253538922
LOA-001691,TXR-0199,2023-03-12,57.58335432035185
LOA-001630,TXR-0192,2023-04-27,76.95001162747052
LOA-001803,TXR-0213,2024-05-04,77.5750297974197
LOA-000916,TXR-0107,2024-05-19,63.526828335161774
LOA-000996,TXR-0116,2023-04-24,69.42036024284695
LOA-001335,TXR-0156,2023-05-18,61.69401811329811
LOA-000647,TXR-0075,2024-02-24,64.22982357185722
LOA-001745,TXR-0206,2023-06-23,52.041570668357664
LOA-000459,TXR-0052,2024-05-17,81.80515514362466
LOA-000126,TXR-0016,2023-03-15,100.66275809054721
LOA-000411,TXR-0047,2023-10-14,105.47556539702501
LOA-000468,TXR-0053,2023-09-22,57.04068350032016
LOA-001947,TXR-0229,2023-07-26,97.97145759141877
LOA-000831,TXR-0098,2023-08-25,77.3560183455308
LOA-001285,TXR-0149,2023-11-11,78.29886372039691
LOA-001631,TXR-0192,2023-04-29,86.36594510792122
LOA-000086,TXR-0011,2023-04-14,52.54873148825635
LOA-001975,TXR-0232,2024-02-06,46.49125231909741
LOA-001832,TXR-0216,2024-03-23,62.55982833144881
LOA-001717,TXR-0202,2024-02-17,80.49865416303197
LOA-000065,TXR-0008,2023-10-06,
LOA-000895,TXR-0105,2024-02-12,80.07364264950282
LOA-000470,TXR-0053,2024-03-27,56.73177012857528
LOA-000307,TXR-0035,2024-03-20,62.44372261322064
LOA-001014,TXR-0118,2023-01-17,80.82031452357285
LOA-001969,TXR-0231,2023-05-16,53.07459467829942
LOA-001033,TXR-0121,2024-04-25,94.8941661997647
LOA-001643,TXR-0193,2024-04-30,58.237338371643574
LOA-001824,TXR-0215,2023-11-03,69.40056652449441
LOA-001181,TXR-0138,2023-10-28,77.82751908531927
LOA-001768,TXR-0208,2023-04-08,48.92007488179779
LOA-000312,TXR-0036,2023-07-14,66.42720366284672
LOA-000236,TXR-0027,2023-12-05,59.229222735438256
LOA-001005,TXR-0117,2023-09-05,67.44378867060614
LOA-001938,TXR-0228,2024-02-02,59.3359960002168
LOA-000285,TXR-0033,2024-02-19,64.23410639068322
LOA-001420,TXR-0165,2023-01-18,78.11433040018757
LOA-000135,TXR-0017,2023-04-15,74.27954906652013
LOA-001396,TXR-0162,2024-04-24,51.56073189230209
LOA-001096,TXR-0129,2023-09-14,74.87665795678822
LOA-000817,TXR-0096,2023-10-31,88.47414737673874
LOA-000710,TXR-0082,2023-04-30,57.186866070327696
LOA-000596,TXR-0069,2024-06-25,73.68267418032063
LOA-001655,TXR-0194,2024-04-04,81.20099435660752
LOA-001525,TXR-0178,2023-05-14,76.51035333742638
LOA-000643,TXR-0075,2024-05-28,63.18888780357134
LOA-000268,TXR-0031,2023-01-28,69.82144069245545
LOA-000564,TXR-0065,2024-03-03,55.76535066384551
LOA-001629,TXR-0192,2024-05-10,85.89036684778601
LOA-000640,TXR-0074,2023-12-21,63.7461438735861
LOA-000766,TXR-0090,2023-10-10,77.57302335458884
LOA-001248,TXR-0145,2023-10-12,38.50961569005609
LOA-000158,TXR-0019,2023-08-28,71.52582855563139
LOA-001542,TXR-0180,2024-05-13,64.16608776015022
LOA-000987,TXR-0115,2024-03-13,112.33431160584084
LOA-001318,TXR-0153,2023-02-06,81.01165997455199
LOA-000319,TXR-0037,2024-01-26,91.11749053620609
LOA-001685,TXR-0198,2023-11-22,81.46716967774601
LOA-000414,TXR-0047,2023-08-12,71.87044437098797
LOA-001706,TXR-0202,2023-12-26,56.71110712981437
LOA-000313,TXR-0036,2023-11-10,67.90034290750533
LOA-001581,TXR-0186,2023-08-04,64.55635807800718
LOA-001746,TXR-0206,2024-05-12,58.05616819771146
LOA-000635,TXR-0074,2023-11-02,58.167146542441486
LOA-001493,TXR-0174,2023-12-28,78.21250661974922
LOA-001864,TXR-0219,2023-11-29,45.43597279785516
LOA-000420,TXR-0048,2023-11-15,79.67876316241741
LOA-000673,TXR-0078,2023-06-10,45.992708330216395
LOA-001671,TXR-0197,2023-06-24,56.95489122242326
LOA-001951,TXR-0230,2023-06-27,82.77528672509537
LOA-001856,TXR-0219,2023-10-21,57.46543624201456
LOA-001159,TXR-0135,2024-02-25,82.69347160254051
LOA-000855,TXR-0101,2024-02-13,60.555529519805376
LOA-001305,TXR-0152,2023-10-11,26.890153745027575
LOA-001099,TXR-0129,2023-06-10,67.72292488071339
LOA-001742,TXR-0206,2024-06-11,52.47909733744143
LOA-000978,TXR-0114,2023-08-01,74.88627666561268
LOA-001201,TXR-0140,2023-11-08,63.16317458301672
LOA-000278,TXR-0032,2023-10-09,92.8303799224949
LOA-001553,TXR-0182,2023-09-03,46.53486304998008
LOA-000907,TXR-0106,2023-11-01,
LOA-001243,TXR-0144,2024-05-22,80.92551878453776
LOA-001760,TXR-0207,2023-12-16,78.4703859550749
LOA-000205,TXR-0025,2024-06-17,62.075713174912515
LOA-001087,TXR-0127,2024-06-08,75.09098939478632
LOA-001537,TXR-0180,2023-04-12,69.19542570413702
LOA-001002,TXR-0117,2024-06-24,68.07137620996875
LOA-000449,TXR-0051,2023-04-06,72.77307391121376
LOA-000250,TXR-0029,2023-04-14,95.68511064009745
LOA-000619,TXR-0072,2023-03-21,52.16734045037542
LOA-000170,TXR-0021,2024-06-11,69.22580095504554
LOA-000339,TXR-0039,2023-10-17,39.255528197602
LOA-001758,TXR-0207,2023-11-07,78.80138159033302
LOA-001636,TXR-0193,2023-11-20,77.58622667351302
LOA-000340,TXR-0039,2023-08-26,49.19412775199816
LOA-001360,TXR-0158,2023-05-31,68.24789678776732
LOA-000187,TXR-0023,2023-07-30,65.99140139850857
LOA-001091,TXR-0128,2023-11-13,56.63244457868961
LOA-000749,TXR-0088,2023-02-08,45.86963739440666
LOA-001573,TXR-0185,2023-02-01,51.091407825851206
LOA-000601,TXR-0070,2023-03-23,107.74842008646777
LOA-000125,TXR-0016,2024-04-05,102.89386073308549
LOA-000807,TXR-0094,2023-02-03,57.266113467960714
LOA-001920,TXR-0226,2023-11-15,69.19361851671843
LOA-001210,TXR-0141,2023-11-01,86.67214804895296
LOA-000886,TXR-0104,2023-09-25,68.59471715424397
LOA-001491,TXR-0174,2024-05-11,87.54308761645008
LOA-000660,TXR-0077,2023-08-02,72.41499936377562
LOA-000796,TXR-0093,2024-04-15,74.40743647673276
LOA-001407,TXR-0163,2023-03-10,39.312225590629424
LOA-000999,TXR-0116,2023-07-06,73.40769773962266
LOA-000194,TXR-0024,2023-01-22,77.49098578913622
LOA-001309,TXR-0152,2023-04-20,29.537705954275935
LOA-001016,TXR-0118,2023-11-23,66.07644088265062
LOA-001786,TXR-0210,2024-01-16,65.78441167764282
LOA-000317,TXR-0037,2023-11-27,96.00253383622741
LOA-001178,TXR-0137,2023-12-14,101.16121901876328
LOA-000343,TXR-0039,2023-01-18,62.69333296493865
LOA-000540,TXR-0062,2024-02-15,71.65595022619837
LOA-000445,TXR-0051,2023-06-23,87.26936646234397
LOA-001077,TXR-0126,2023-02-08,96.51734620534666
LOA-000348,TXR-0040,2023-12-24,68.9965425611147
LOA-001944,TXR-0229,2023-12-28,72.46550239192085
LOA-001084,TXR-0127,2023-12-06,80.11661987292683
LOA-001973,TXR-0232,2023-11-12,56.62872365142075
LOA-001130,TXR-0132,2023-02-15,78.70211759252186
LOA-000573,TXR-0067,2024-01-24,91.00764285358738
LOA-001048,TXR-0122,2024-03-29,63.28310217365137
LOA-001942,TXR-0228,2023-11-26,50.99666648999147
LOA-000810,TXR-0095,2023-10-23,53.95235887459404
LOA-001701,TXR-0201,2023-07-20,95.09344207274441
LOA-001663,TXR-0196,2023-09-09,76.69840729714052
LOA-000665,TXR-0077,2023-04-12,75.18385143691802
LOA-000224,TXR-0026,2023-07-09,64.31315138786798
LOA-000264,TXR-0030,2023-10-28,65.40842385998737
LOA-001092,TXR-0128,2024-03-29,57.52977068922889
LOA-000446,TXR-0051,2023-04-08,89.36887561411125
LOA-001628,TXR-0192,2023-12-10,94.32445900995046
LOA-001714,TXR-0202,2023-10-11,66.02450915206389
LOA-001307,TXR-0152,2023-01-17,29.322403488039637
LOA-001601,TXR-0188,2023-11-12,66.52475340063108
LOA-000458,TXR-0052,2023-04-22,77.0446634313474
LOA-001882,TXR-0222,2023-07-06,83.54673853080186
LOA-001509,TXR-0176,2023-05-30,79.21216871803387
LOA-000849,TXR-0100,2024-05-26,81.35253015228837
LOA-001591,TXR-0187,2024-01-11,80.7164392448002
LOA-001214,TXR-0141,2024-06-08,89.85296259384246
LOA-001443,TXR-0167,2023-09-10,75.00005297807832
LOA-001688,TXR-0199,2023-12-19,47.75865282735095
LOA-001031,TXR-0120,2023-03-03,89.47297596870635
LOA-001651,TXR-0194,2023-11-10,78.42767499539843
LOA-000792,TXR-0093,2024-05-12,81.07344544750264
LOA-000864,TXR-0102,2024-04-01,69.40438474043232
LOA-000698,TXR-0081,2023-07-08,69.95493917894298
LOA-001145,TXR-0134,2024-03-14,79.68380883279909
LOA-000524,TXR-0061,2023-04-12,64.98335780528363
LOA-000456,TXR-0052,2023-01-14,88.46917862121268
LOA-000097,TXR-0012,2024-05-21,61.309277192541145
LOA-000942,TXR-0110,2023-12-29,81.65610348206746
LOA-001244,TXR-0145,2024-01-12,61.12546015675819
LOA-000372,TXR-0043,2024-04-27,34.29309002086316
LOA-001844,TXR-0217,2023-04-16,67.2267551336712
LOA-000600,TXR-0070,2023-08-11,90.23347819432888
LOA-000512,TXR-0060,2023-11-16,74.14133618448147
LOA-000491,TXR-0057,2023-03-12,63.79732703208951
LOA-001976,TXR-0232,2023-10-10,33.88081179566757
LOA-001868,TXR-0220,2023-12-07,78.70418397575385
LOA-001476,TXR-0172,2024-01-24,49.315125147005
LOA-001888,TXR-0223,2023-05-08,70.11796341617207
LOA-000210,TXR-0025,2023-03-06,72.93816168477586
LOA-000961,TXR-0112,2023-07-03,90.02536162534878
LOA-001039,TXR-0121,2023-01-24,97.22044883400307
LOA-000460,TXR-0052,2023-08-05,63.77239419280483
LOA-001086,TXR-0127,2024-04-14,60.82479224055608
LOA-000963,TXR-0112,2023-02-17,87.43112146704118
LOA-000232,TXR-0027,2024-06-08,70.26973155497103
LOA-000386,TXR-0044,2023-10-31,61.51017091798124
LOA-001495,TXR-0174,2023-05-24,89.3447236378501
LOA-001079,TXR-0126,2024-06-30,79.21877877808535
LOA-000413,TXR-0047,2023-12-25,79.04383370527097
LOA-001108,TXR-0130,2023-08-03,70.40530631617008
LOA-000725,TXR-0084,2024-01-26,70.3179739173157
LOA-000636,TXR-0074,2024-05-31,42.20626015862287
LOA-001738,TXR-0205,2023-09-23,45.19324537253416
LOA-001867,TXR-0220,2023-09-05,79.35270811407635
LOA-000672,TXR-0078,2023-11-07,56.77762350676178
LOA-001256,TXR-0146,2024-02-25,67.10726941421068
LOA-001549,TXR-0182,2023-07-13,50.5850864454584
LOA-001397,TXR-0162,2023-09-13,
LOA-001680,TXR-0198,2023-12-21,81.72524216252167
LOA-001434,TXR-0166,2024-03-02,55.29617425436554
LOA-000958,TXR-0112,2024-03-19,79.45605516854054
LOA-001349,TXR-0157,2023-12-18,61.45937567828067
LOA-000130,TXR-0016,2023-09-09,91.076914759127
LOA-001780,TXR-0209,2023-01-29,80.58086768657579
LOA-000172,TXR-0021,2024-01-28,82.83642412960262
LOA-001816,TXR-0214,2024-05-12,52.9499009322015
LOA-000514,TXR-0060,2023-08-03,47.99963930155124
LOA-000212,TXR-0025,2023-05-15,65.5833439821154
LOA-000984,TXR-0115,2023-09-06,90.85545776413205
LOA-000925,TXR-0108,2023-06-24,83.71898533546933
LOA-001284,TXR-0148,2024-03-05,54.53631080172304
LOA-000794,TXR-0093,2023-06-16,77.65819433296899
LOA-001793,TXR-0211,2023-03-14,
LOA-000629,TXR-0073,2023-01-06,84.96917748773318
LOA-000869,TXR-0102,2023-06-29,83.91733817838595
LOA-001842,TXR-0217,2023-11-14,70.49706810727561
LOA-000952,TXR-0111,2023-04-20,79.04578801368933
LOA-000418,TXR-0047,2023-04-01,97.11279102810755
LOA-000676,TXR-0078,2024-01-04,58.48777071752651
LOA-001794,TXR-0212,2024-05-08,67.40959642820249
LOA-000066,TXR-0008,2023-09-14,55.382487347953166
LOA-001936,TXR-0228,2023-12-12,61.3447402753667
LOA-001389,TXR-0162,2024-06-04,66.0867572424061
LOA-001952,TXR-0230,2023-07-29,93.51854133708693
LOA-001101,TXR-0129,2023-06-13,71.57297907687956
LOA-001964,TXR-0231,2023-10-02,71.86464484332775
LOA-001473,TXR-0172,2023-04-26,63.44046295844959
LOA-000440,TXR-0050,2023-11-01,53.01821965768769
LOA-001374,TXR-0160,2023-06-04,61.55840057869813
LOA-001654,TXR-0194,2023-12-07,78.31337689781432
LOA-000203,TXR-0025,2023-08-15,71.1718046976239
LOA-000487,TXR-0056,2023-03-27,52.58992854305361
LOA-000570,TXR-0066,2023-08-15,87.26979572523256
LOA-001259,TXR-0146,2023-03-28,70.55153498436212
LOA-001067,TXR-0125,2024-01-11,75.42212990177113
LOA-001653,TXR-0194,2024-03-22,70.1937182817858
LOA-001765,TXR-0208,2024-04-06,70.15190392098464
LOA-001881,TXR-0222,2024-02-04,87.18016014910975
LOA-000186,TXR-0023,2023-08-10,77.32182470853002
LOA-000891,TXR-0105,2023-04-12,73.08505913200186
LOA-001023,TXR-0119,2023-08-11,66.10697140538944
LOA-001264,TXR-0147,2023-04-26,75.94662098280705
LOA-001081,TXR-0127,2023-08-04,55.822027355979756
LOA-001161,TXR-0135,2023-02-13,68.64220550660923
LOA-001009,TXR-0117,2023-03-29,66.35405583360196
LOA-001686,TXR-0199,2023-06-19,64.74481575149589
LOA-001626,TXR-0191,2023-05-08,51.2353570124006
LOA-001804,TXR-0213,2023-09-18,81.48950378494905
LOA-001723,TXR-0203,2024-05-28,79.35313526906893
LOA-000646,TXR-0075,2024-03-12,79.27720395378708
LOA-001492,TXR-0174,2023-09-22,68.25226046708725
LOA-001935,TXR-0228,2023-05-29,59.24200645830006
LOA-000447,TXR-0051,2023-10-23,79.13369919800549
LOA-000371,TXR-0043,2024-01-13,51.2791809705645
LOA-001408,TXR-0163,2023-10-24,31.848803481260507
LOA-001572,TXR-0185,2024-04-21,51.11151851146348
LOA-001281,TXR-0148,2023-10-27,58.902145255485074
LOA-000593,TXR-0069,2023-11-20,75.57755319422832
LOA-000046,TXR-0006,2024-02-07,49.104934096424294
LOA-001274,TXR-0148,2023-09-10,37.74612150730343
LOA-001532,TXR-0179,2023-12-18,90.41831468223849
LOA-000609,TXR-0071,2024-06-06,71.40757964634165
LOA-001529,TXR-0179,2023-02-20,77.69311128208813
LOA-000826,TXR-0097,2024-04-03,86.5046291666473
LOA-001167,TXR-0136,2023-01-06,20.004486784628156
LOA-000623,TXR-0072,2023-12-09,63.82996678155186
LOA-000295,TXR-0034,2023-02-01,48.10087885596469
LOA-000829,TXR-0098,2023-10-04,61.67047305264291
LOA-001718,TXR-0203,2023-01-31,56.66891015055198
LOA-000218,TXR-0026,2024-05-18,78.08321816779261
LOA-001613,TXR-0190,2023-05-17,48.5249277230935
LOA-000490,TXR-0057,2023-03-08,79.45403115046717
LOA-001292,TXR-0150,2023-10-24,74.84556104408827
LOA-001054,TXR-0123,2024-06-07,57.89590420232252
LOA-000563,TXR-0065,2023-04-04,53.243264789024146
LOA-001544,TXR-0181,2023-03-20,73.21132402199663
LOA-000064,TXR-0008,2023-03-08,60.88008375550611
LOA-000543,TXR-0063,2024-01-13,76.50522752870303
LOA-000008,TXR-0002,2024-03-11,63.15791478123971
LOA-001496,TXR-0174,2023-12-28,78.24831939998877
LOA-001669,TXR-0196,2024-04-17,74.64155324258586
LOA-000311,TXR-0036,2023-09-18,71.80713042431925
LOA-000747,TXR-0087,2024-03-10,86.35763596001387
LOA-001355,TXR-0158,2023-11-06,74.54194907556533
LOA-001895,TXR-0223,2023-06-16,57.825655182504114
LOA-001610,TXR-0189,2023-02-12,97.09662220916948
LOA-000692,TXR-0080,2023-05-25,73.29788387647413
LOA-000679,TXR-0079,2023-10-07,78.96270181831667
LOA-001003,TXR-0117,2024-06-08,73.030248697522
LOA-001114,TXR-0130,2024-02-02,77.72625139592584
LOA-001539,TXR-0180,2023-05-06,80.69192623638641
LOA-001412,TXR-0164,2024-01-28,67.54290060571674
LOA-000549,TXR-0063,2023-07-13,80.53353122956469
LOA-000532,TXR-0061,2024-04-07,67.93626118623543
LOA-001857,TXR-0219,2023-04-11,47.36965232806538
LOA-000707,TXR-0082,2024-02-01,58.80917181160976
LOA-000511,TXR-0059,2024-02-26,54.45092066214731
LOA-000741,TXR-0087,2023-08-21,79.61635326410797
LOA-001946,TXR-0229,2024-01-12,76.14549760032985
LOA-001261,TXR-0146,2023-02-08,73.87566485342181
LOA-001713,TXR-0202,2023-01-26,69.45903024824989
LOA-000068,TXR-0008,2023-02-21,62.7727485266372
LOA-001078,TXR-0126,2024-01-27,79.15894376815753
LOA-000731,TXR-0085,2024-02-08,108.55832185538954
LOA-000763,TXR-0089,2024-03-03,102.78119581498194
LOA-001848,TXR-0218,2023-09-26,66.01899170115445
LOA-000822,TXR-0097,2023-11-14,82.1519423665834
LOA-000994,TXR-0116,2024-03-21,59.152456165716686
LOA-001272,TXR-0147,2023-07-01,68.68459382141685
LOA-001968,TXR-0231,2023-01-07,66.1061266864483
LOA-000353,TXR-0041,2024-03-03,82.83786017694446
LOA-000376,TXR-0043,2024-01-24,55.3697934925272
LOA-000577,TXR-0067,2023-08-28,98.4835407989308
LOA-000791,TXR-0093,2023-07-23,87.67987798384267
LOA-001251,TXR-0145,2023-06-11,35.17174588012559
LOA-001172,TXR-0137,2024-04-07,108.56812149897495
LOA-000506,TXR-0059,2023-05-20,46.101284189502294
LOA-001852,TXR-0218,2023-09-28,68.13020784653675
LOA-000478,TXR-0054,2023-09-30,46.51180887025949
LOA-001403,TXR-0163,2023-07-13,45.04229377863489
LOA-001227,TXR-0143,2023-10-24,63.60114963000414
LOA-000050,TXR-0007,2023-03-23,62.54648062964802
LOA-001001,TXR-0117,2024-01-17,79.4708460717033
LOA-001586,TXR-0186,2024-05-18,68.8182093670072
LOA-001168,TXR-0136,2024-04-17,29.977087295600814
LOA-001855,TXR-0219,2023-01-23,49.18856241668216
LOA-001785,TXR-0210,2023-03-11,54.22184949766602
LOA-001038,TXR-0121,2023-08-30,87.21408571446591
LOA-001530,TXR-0179,2023-10-22,71.59479179080203
LOA-000296,TXR-0034,2023-01-30,68.00658117356203
LOA-000293,TXR-0034,2023-01-20,57.565292328666985
LOA-000059,TXR-0008,2024-06-02,63.823781193063745
LOA-001520,TXR-0177,2023-08-11,77.51756820648008
LOA-001891,TXR-0223,2024-06-02,58.83390245854377
LOA-000156,TXR-0019,2023-05-18,64.9381064376288
LOA-001366,TXR-0159,2024-03-02,49.391235583097895
LOA-001045,TXR-0122,2024-02-13,71.40620390281602
LOA-000005,TXR-0001,2023-08-16,88.22637221907496
LOA-000847,TXR-0100,2023-03-10,68.39097580350702
LOA-001410,TXR-0163,2023-10-01,35.44783043251802
LOA-000927,TXR-0109,2023-04-13,63.393126718271716
LOA-001356,TXR-0158,2023-02-16,64.40493822687338
LOA-000434,TXR-0050,2024-03-22,54.676105039702364
LOA-001042,TXR-0122,2023-10-29,62.766563042818426
LOA-001344,TXR-0157,2023-10-31,81.94219706036995
LOA-001359,TXR-0158,2023-09-26,68.87715314904432
LOA-001926,TXR-0226,2023-11-16,69.8325433630348
LOA-000875,TXR-0103,2023-11-09,41.36034391480901
LOA-000889,TXR-0105,2023-06-05,85.9964583802077
LOA-001710,TXR-0202,2023-04-30,83.36352537469193
LOA-000472,TXR-0054,2023-02-27,53.640697456293445
LOA-000181,TXR-0022,2023-09-12,73.85962364790363
LOA-000768,TXR-0090,2023-01-25,84.33269592934676
LOA-000330,TXR-0038,2023-12-08,51.24954803533487
LOA-001148,TXR-0134,2023-04-10,59.66601175546061
LOA-001967,TXR-0231,2023-08-29,79.36175610940752
LOA-001593,TXR-0187,2023-06-28,82.920651322467
LOA-000392,TXR-0045,2023-06-28,67.23481719954225
LOA-001939,TXR-0228,2023-10-25,53.92051906451527
LOA-001828,TXR-0216,2023-08-24,70.91123654117567
LOA-001865,TXR-0220,2024-04-06,74.39025838055223
LOA-001089,TXR-0127,2023-12-31,63.83656898041441
LOA-001455,TXR-0169,2023-05-13,76.52867579677064
LOA-000273,TXR-0032,2024-01-26,78.91959777710728
LOA-000992,TXR-0116,2023-06-01,76.23475851274804
LOA-001755,TXR-0207,2023-09-19,76.2196982810106
LOA-001500,TXR-0175,2023-07-21,83.41739780929231
LOA-000923,TXR-0108,2023-09-15,75.50037682024674
LOA-001313,TXR-0153,2024-05-22,71.11983730096873
LOA-000049,TXR-0007,2023-02-02,53.48893626027894
LOA-001241,TXR-0144,2023-04-18,65.80977885592873
LOA-001239,TXR-0144,2023-09-02,70.82866954410719
LOA-000261,TXR-0030,2024-06-24,61.72137310325015
LOA-001551,TXR-0182,2024-06-03,61.2367279125
LOA-001070,TXR-0125,2023-06-04,77.14891830465929
LOA-001415,TXR-0164,2023-09-05,60.11356111405742
LOA-000957,TXR-0112,2024-06-16,86.80033097879303
LOA-000354,TXR-0041,2023-11-23,89.32458573916777
LOA-001766,TXR-0208,2023-06-30,59.95784438101665
LOA-000937,TXR-0110,2024-04-22,80.1676711183601
LOA-001345,TXR-0157,2023-05-18,68.94736357376436
LOA-000518,TXR-0060,2023-10-15,59.78123348430362
LOA-001514,TXR-0177,2024-01-21,70.7906263257546
LOA-000921,TXR-0108,2023-09-16,68.52111461616892
LOA-001293,TXR-0150,2023-11-26,69.99368909689588
LOA-000737,TXR-0086,2023-05-30,75.3049045256439
LOA-001150,TXR-0134,2024-06-20,59.98509034479401
LOA-000391,TXR-0045,2023-05-28,55.84053915867685
LOA-000843,TXR-0100,2024-03-20,94.57976538281002
LOA-000980,TXR-0114,2024-03-23,76.876640256236
LOA-001461,TXR-0170,2023-03-04,69.24451761550992
LOA-001163,TXR-0136,2024-02-18,27.758161509148284
LOA-000128,TXR-0016,2023-12-01,97.41903263961431
LOA-000513,TXR-0060,2024-01-10,65.75971504427682
LOA-000654,TXR-0076,2023-03-24,93.76383176258145
LOA-001453,TXR-0169,2023-11-24,86.6723089564304
LOA-001838,TXR-0217,2023-08-02,62.513800055669336
LOA-000835,TXR-0099,2023-01-31,56.32435914425806
LOA-000597,TXR-0069,2023-09-04,68.30295761104108
LOA-001778,TXR-0209,2024-03-21,86.45311406295451
LOA-001135,TXR-0132,2023-01-14,83.30449537870669
LOA-001621,TXR-0190,2024-04-23,59.34571078313602
LOA-001823,TXR-0215,2023-03-06,67.28824317536431
LOA-001534,TXR-0179,2023-11-28,55.917401738351714
LOA-001905,TXR-0224,2023-06-05,35.35623514403811
LOA-001506,TXR-0175,2023-04-28,95.22406884441929
LOA-000581,TXR-0068,2024-06-12,30.492520123217403
LOA-000063,TXR-0008,2023-06-17,71.55755003649476
LOA-000163,TXR-0020,2023-11-07,36.943716296842155
LOA-000670,TXR-0078,2023-06-19,57.905288552214635
LOA-001372,TXR-0160,2024-02-28,71.18194254676376
LOA-000249,TXR-0029,2024-01-28,90.58908525813287
LOA-001555,TXR-0183,2023-09-09,85.30041663070172
LOA-000653,TXR-0076,2023-08-10,73.77257449151396
LOA-000818,TXR-0097,2024-02-26,93.18799871209491
LOA-000671,TXR-0078,2023-01-09,34.273959260303144
LOA-000503,TXR-0059,2024-03-31,56.672092466897574
LOA-001152,TXR-0134,2024-04-19,65.79694646994729
LOA-000789,TXR-0093,2023-11-18,93.97150894547198
LOA-000011,TXR-0002,2023-08-18,59.1227397330171
LOA-000924,TXR-0108,2023-10-16,83.08885339326753
LOA-001337,TXR-0156,2023-10-03,33.6874300039166
LOA-000486,TXR-0056,2023-09-15,60.29171434799065
LOA-001103,TXR-0129,2023-08-23,67.3724436073857
LOA-001221,TXR-0142,2024-02-20,
LOA-001841,TXR-0217,2023-07-03,63.18212584957571
LOA-001203,TXR-0140,2023-06-17,41.66146759699832
LOA-000902,TXR-0106,2023-12-17,76.75138622785562
LOA-000051,TXR-0007,2024-05-10,62.553247316538716
LOA-000970,TXR-0113,2023-09-13,82.80957284533994
LOA-000908,TXR-0106,2023-07-22,75.8129474407439
LOA-000863,TXR-0101,2023-03-14,52.530131319913224
LOA-000894,TXR-0105,2024-01-29,66.33046429292786
LOA-000656,TXR-0076,2023-01-16,96.00482734971139
LOA-000917,TXR-0107,2023-04-07,
LOA-001931,TXR-0227,2023-07-11,69.83464297918862
LOA-000964,TXR-0112,2023-07-26,103.62261771553716
LOA-001219,TXR-0142,2024-06-27,75.37690610195241
LOA-000483,TXR-0055,2023-03-29,61.817156282399964
LOA-001795,TXR-0212,2023-10-27,69.2221947101305
LOA-000659,TXR-0077,2024-01-28,77.94739527578525
LOA-001104,TXR-0129,2024-01-07,75.4696975789301
LOA-000368,TXR-0042,2023-01-15,66.60053736418355
LOA-001304,TXR-0151,2024-04-07,81.26990502023237
LOA-000713,TXR-0082,2023-04-18,63.05522303117374
LOA-001851,TXR-0218,2023-05-22,65.0363415269548
LOA-001024,TXR-0120,2024-01-14,80.35772119680259
LOA-001770,TXR-0208,2023-09-11,73.4093427028689
LOA-000342,TXR-0039,2023-03-08,60.818046922910554
LOA-001040,TXR-0121,2023-12-23,87.99755854387813
LOA-001729,TXR-0204,2024-03-06,68.19161427781923
LOA-001499,TXR-0175,2024-01-03,84.8468789454911
LOA-001667,TXR-0196,2024-03-20,83.89287540973655
LOA-001361,TXR-0158,2024-05-17,66.48706234445329
LOA-000338,TXR-0039,2024-04-06,42.785085694587714
LOA-000983,TXR-0114,2023-03-16,66.58539569124898
LOA-001015,TXR-0118,2024-04-01,76.92997034430847
LOA-001733,TXR-0205,2023-10-16,40.59708127016523
LOA-000861,TXR-0101,2023-04-29,48.21043187936158
LOA-001123,TXR-0131,2023-08-25,71.5850740082541
LOA-000759,TXR-0088,2023-10-12,35.56829151048024
LOA-001097,TXR-0129,2024-05-11,67.41134628494041
LOA-000732,TXR-0085,2023-08-26,69.6946496704368
LOA-001004,TXR-0117,2024-04-25,84.62247966728819
LOA-001699,TXR-0201,2024-04-21,87.88189003946661
LOA-000404,TXR-0046,2024-05-09,51.30041041862498
LOA-001571,TXR-0185,2023-11-22,54.091997101398164
LOA-000140,TXR-0017,2023-10-15,79.06627115465054
LOA-000852,TXR-0100,2024-06-05,
LOA-001681,TXR-0198,2024-06-22,61.62028602986632
LOA-000859,TXR-0101,2023-11-12,58.236542698182035
LOA-001656,TXR-0195,2023-08-11,66.25971606364939
LOA-001400,TXR-0163,2024-05-14,43.55436570459732
LOA-000515,TXR-0060,2023-03-24,68.09807006783896
LOA-001724,TXR-0203,2024-03-05,73.30542365803136
LOA-000124,TXR-0015,2024-06-17,62.07926725209956
LOA-000950,TXR-0111,2024-06-30,77.75140308234344
LOA-000584,TXR-0068,2023-09-09,31.981100582128033
LOA-000191,TXR-0023,2023-01-07,73.07538057284837
LOA-001303,TXR-0151,2024-05-04,81.44466910915675
LOA-001568,TXR-0184,2023-12-17,79.48330629064989
LOA-001893,TXR-0223,2024-05-28,55.74024164257635
LOA-000029,TXR-0004,2024-05-16,70.10729920312858
LOA-000251,TXR-0029,2024-02-11,95.32247260926819
LOA-000691,TXR-0080,2023-11-16,58.762089823616556
LOA-001813,TXR-0214,2023-06-02,56.79019688977335
LOA-000854,TXR-0101,2024-03-10,58.80887138028516
LOA-000081,TXR-0010,2023-05-24,63.493404437574085
LOA-000699,TXR-0081,2023-11-09,88.79071862505202
LOA-000740,TXR-0087,2023-07-17,84.28547356042614
LOA-001265,TXR-0147,2024-04-20,50.32573355778047
LOA-000604,TXR-0070,2024-06-18,89.52011894133332
LOA-000344,TXR-0039,2024-03-10,45.63730642419744
LOA-000072,TXR-0009,2023-07-23,81.60889772874916
LOA-000934,TXR-0109,2023-04-06,81.1417160972682
LOA-001814,TXR-0214,2023-02-06,79.91910814580945
LOA-001821,TXR-0215,2024-01-11,54.94113486557916
LOA-001898,TXR-0224,2023-11-29,36.72261167155751
LOA-000417,TXR-0047,2023-08-26,75.39175474832537
LOA-001338,TXR-0156,2023-10-30,46.42634857389183
LOA-001112,TXR-0130,2023-09-14,71.65752906082272
LOA-001722,TXR-0203,2024-06-21,66.82022043644841
LOA-001690,TXR-0199,2023-10-24,66.1629055493178
LOA-000275,TXR-0032,2023-11-14,96.731990968349
LOA-001925,TXR-0226,2023-07-22,66.73924502551561
LOA-000870,TXR-0102,2023-05-11,71.56140642029986
LOA-000538,TXR-0062,2023-12-28,86.43122272315603
LOA-000785,TXR-0092,2023-06-11,47.006441309915424
LOA-000279,TXR-0032,2024-03-20,102.73043590362616
LOA-001853,TXR-0218,2023-03-31,62.10566009528428
LOA-001421,TXR-0165,2024-01-25,70.6201028612769
LOA-001363,TXR-0159,2023-07-07,59.56534371646144
LOA-000088,TXR-0011,2023-09-26,52.60621607847236
LOA-000347,TXR-0040,2023-06-02,69.46048059107615
LOA-000521,TXR-0060,2024-03-19,45.89650276116632
LOA-000606,TXR-0070,2024-02-04,90.01304526154921
LOA-001776,TXR-0209,2023-08-25,85.14694432406178
LOA-000715,TXR-0083,2023-02-20,82.06913348697373
LOA-001223,TXR-0142,2023-05-18,56.81109585186209
LOA-001757,TXR-0207,2024-03-06,84.08004167221634
LOA-000587,TXR-0068,2023-02-21,41.70063770164713
LOA-001441,TXR-0167,2024-06-18,63.640576628017115
LOA-001226,TXR-0143,2024-04-18,65.17135056046268
LOA-000252,TXR-0029,2023-09-21,82.61662801752215
LOA-001383,TXR-0161,2023-06-06,71.6432427531433
LOA-000753,TXR-0088,2023-03-15,56.79913973270027
LOA-000004,TXR-0001,2023-01-21,79.26894968977265
LOA-000762,TXR-0089,2024-06-01,99.55706948028748
LOA-000020,TXR-0003,2023-05-23,70.78239297063618
LOA-000617,TXR-0072,2023-05-12,73.96381166556323
LOA-001277,TXR-0148,2024-06-05,47.45074267891677
LOA-000744,TXR-0087,2023-02-08,75.9686568619741
LOA-000558,TXR-0064,2023-04-15,73.80963224604605
LOA-000006,TXR-0001,2023-03-28,104.49051019845047
LOA-000914,TXR-0107,2023-05-20,84.28419074385508
LOA-001177,TXR-0137,2024-03-20,91.90938007416209
LOA-001427,TXR-0166,2023-10-29,73.9302012222079
LOA-001095,TXR-0128,2023-06-30,73.09229802957259
LOA-001603,TXR-0188,2023-03-16,73.42197736990963
LOA-000712,TXR-0082,2024-01-26,52.08537355734562
LOA-001508,TXR-0176,2024-01-30,83.11770898816418
LOA-000070,TXR-0009,2024-06-20,70.03383582797161
LOA-001598,TXR-0188,2023-07-17,58.29437143695479
LOA-000757,TXR-0088,2023-03-14,57.879981031681254
LOA-000705,TXR-0082,2023-05-26,62.972433432788236
LOA-000464,TXR-0053,2024-04-07,66.65845370197884
LOA-001614,TXR-0190,2023-09-07,52.31056888484374
LOA-000536,TXR-0062,2023-06-01,71.25591592926824
LOA-001569,TXR-0184,2023-11-12,76.8685744293148
LOA-001268,TXR-0147,2024-01-15,75.43590692880983
LOA-000682,TXR-0079,2023-01-08,64.84208924912451
LOA-000782,TXR-0091,2023-05-20,81.62152655618722
LOA-001541,TXR-0180,2023-01-14,59.724170645062244
LOA-000991,TXR-0116,2023-04-23,69.17867295352593
LOA-001661,TXR-0195,2024-06-02,66.67673504615775
LOA-000363,TXR-0042,2023-03-03,69.4352903621303
LOA-000074,TXR-0009,2023-10-27,66.61912480499159
LOA-000144,TXR-0018,2023-12-24,71.01209452782452
LOA-000351,TXR-0040,2024-03-02,69.591406379198
LOA-000398,TXR-0046,2023-05-18,64.41284318261162
LOA-001540,TXR-0180,2023-10-10,63.52244979236732
LOA-001642,TXR-0193,2023-04-04,72.95316596983838
LOA-000657,TXR-0076,2023-02-13,77.41777412361401
LOA-001128,TXR-0131,2023-12-10,80.84205294425792
LOA-000993,TXR-0116,2024-02-07,76.4404707237559
LOA-001675,TXR-0197,2024-03-18,59.87507910123424
LOA-001956,TXR-0230,2023-06-20,79.52545823276887
LOA-001465,TXR-0171,2024-01-16,88.34141592910186
LOA-000453,TXR-0051,2023-11-11,81.71526256870285
LOA-000015,TXR-0002,2023-09-17,82.27538272390312
LOA-001488,TXR-0173,2023-10-11,67.61240473654122
LOA-000325,TXR-0038,2023-12-06,46.42179367839034
LOA-001606,TXR-0189,2024-03-31,96.45292619061954
LOA-000637,TXR-0074,2024-01-25,59.674402595615554
LOA-000845,TXR-0100,2024-06-10,71.58857485727806
LOA-001369,TXR-0159,2023-04-16,59.61431413151619
LOA-000727,TXR-0084,2023-02-20,79.9500725825374
LOA-000208,TXR-0025,2023-11-02,71.16885427682705
LOA-001191,TXR-0139,2023-03-14,88.11026800886586
LOA-000461,TXR-0052,2023-10-13,85.62130470866674
LOA-001875,TXR-0221,2023-09-01,78.60061598051662
LOA-000473,TXR-0054,2023-08-12,46.97497809427168
LOA-000567,TXR-0066,2024-05-08,96.06420595130255
LOA-001008,TXR-0117,2023-04-24,78.50938267114353
LOA-000451,TXR-0051,2024-01-05,77.773012811162
LOA-001230,TXR-0143,2023-01-29,70.81062450740765
LOA-001255,TXR-0146,2023-08-12,93.26169968863127
LOA-001638,TXR-0193,2023-01-04,82.05294973690968
LOA-000945,TXR-0110,2024-04-27,66.2157713847457
LOA-000190,TXR-0023,2024-05-31,66.38525068341406
LOA-000221,TXR-0026,2023-12-25,71.31903058151185
LOA-000862,TXR-0101,2023-08-11,64.24937003178408
LOA-001370,TXR-0159,2024-06-18,68.41365380869865
LOA-001788,TXR-0210,2023-10-15,56.4724183833426
LOA-000941,TXR-0110,2023-06-25,72.75799944043473
LOA-000146,TXR-0018,2023-03-27,77.92640671577246
LOA-001188,TXR-0139,2023-12-31,69.88128136462566
LOA-001186,TXR-0138,2023-08-16,70.0506084700301
LOA-001050,TXR-0123,2024-06-19,56.50873899320689
LOA-001965,TXR-0231,2024-04-22,59.73099002924386
LOA-001208,TXR-0141,2023-01-31,88.94513146995517
LOA-000522,TXR-0061,2023-06-26,48.146097117992966
LOA-000771,TXR-0090,2023-06-01,74.65538959376954
LOA-000680,TXR-0079,2023-12-25,58.57368742911657
LOA-001504,TXR-0175,2024-06-06,93.79715501360269
LOA-001818,TXR-0214,2024-04-15,72.12305789143144
LOA-000423,TXR-0048,2023-12-12,84.07926417655148
LOA-000003,TXR-0001,2024-02-11,90.08369134399227
LOA-001909,TXR-0225,2023-11-13,63.30817243083107
LOA-000123,TXR-0015,2024-05-22,56.32981904280621
LOA-001074,TXR-0126,2023-09-01,86.3683339579121
LOA-001600,TXR-0188,2024-03-27,67.85398681665193
LOA-001028,TXR-0120,2024-06-04,74.01004816498599
LOA-001806,TXR-0213,2024-03-01,74.59236257073286
LOA-001802,TXR-0213,2024-05-19,
LOA-000240,TXR-0028,2023-03-26,80.10278985800402
LOA-001501,TXR-0175,2024-03-23,79.1719013877566
LOA-000389,TXR-0044,2024-05-23,66.27747316678183
LOA-001032,TXR-0121,2024-01-17,82.60363044295931
LOA-000255,TXR-0030,2023-06-03,61.08802606656839
LOA-000152,TXR-0019,2023-09-16,67.62491807766447
LOA-001047,TXR-0122,2023-07-20,56.503398433341026
LOA-001236,TXR-0144,2024-04-29,76.56399919340669
LOA-000793,TXR-0093,2024-03-28,71.3423969112385
LOA-000767,TXR-0090,2023-03-16,79.58373114929245
LOA-001105,TXR-0129,2023-08-14,57.145320839203606
LOA-001908,TXR-0225,2023-08-14,70.23186277928822
LOA-001450,TXR-0169,2023-01-25,80.93458180755695
LOA-001235,TXR-0144,2024-03-22,78.08632145214726
LOA-001943,TXR-0228,2023-02-12,62.384190199436595
LOA-001026,TXR-0120,2023-08-28,80.52874783483996
LOA-000933,TXR-0109,2023-12-26,69.49109748425867
LOA-001917,TXR-0226,2023-10-28,74.69146785204384
LOA-001928,TXR-0227,2024-02-29,63.026058216373634
LOA-001398,TXR-0162,2023-02-02,64.73819617030006
LOA-000350,TXR-0040,2024-03-15,58.51951060930432
LOA-000756,TXR-0088,2023-05-09,62.002300091122116
LOA-001977,TXR-0232,2023-11-10,64.36728984597407
LOA-001854,TXR-0218,2023-03-16,65.66775648889748
LOA-000271,TXR-0031,2023-01-27,62.61522333241132
LOA-000219,TXR-0026,2023-01-13,76.23312051077477
LOA-001505,TXR-0175,2023-12-09,94.54553447753526
LOA-001567,TXR-0184,2023-03-31,60.79370732262277
LOA-001438,TXR-0167,2023-10-25,69.73073470344335
LOA-001604,TXR-0188,2023-05-02,52.87967892167881
LOA-001489,TXR-0173,2023-09-21,72.86056559888945
LOA-000433,TXR-0050,2024-02-16,57.13298974889182
LOA-000574,TXR-0067,2023-09-02,97.16882472584172
LOA-001763,TXR-0208,2023-07-23,70.26163204922496
LOA-001684,TXR-0198,2023-08-01,77.34558707114572
LOA-000985,TXR-0115,2023-07-02,109.81843245603277
LOA-000038,TXR-0005,2023-01-05,65.43302108173279
LOA-000612,TXR-0071,2023-11-17,85.91441424632706
LOA-000575,TXR-0067,2024-03-02,78.30650163489658
LOA-000298,TXR-0034,2024-05-15,44.93119311988886
LOA-001252,TXR-0145,2024-06-09,57.95446923726895
LOA-000113,TXR-0013,2023-01-05,67.68634300590116
LOA-000590,TXR-0069,2023-11-24,77.06367798471423
LOA-000527,TXR-0061,2024-01-15,78.03762003925189
LOA-000047,TXR-0007,2023-12-31,63.437652245810064
LOA-000442,TXR-0050,2023-08-24,52.21119261997259
LOA-000962,TXR-0112,2023-11-01,77.79029391378717
LOA-001784,TXR-0210,2023-11-14,65.5487786315644
LOA-000031,TXR-0004,2024-01-22,46.79341354859008
LOA-001034,TXR-0121,2023-09-19,76.99416693735333
LOA-000396,TXR-0045,2024-06-12,79.77960312954802
LOA-000197,TXR-0024,2023-02-07,65.62544164951787
LOA-000695,TXR-0080,2023-02-23,68.9068921484797
LOA-001310,TXR-0152,2023-05-23,33.44026349310588
LOA-000946,TXR-0111,2023-08-21,87.81812528571791
LOA-000085,TXR-0010,2024-04-24,53.44586943365715
LOA-001158,TXR-0135,2023-02-19,79.98309390090378
LOA-001839,TXR-0217,2023-05-13,50.858871727877855
LOA-001478,TXR-0172,2023-01-08,52.49368202473003
LOA-001373,TXR-0160,2023-09-27,71.69487859274884
LOA-000383,TXR-0044,2023-01-26,78.57967123101986
LOA-000940,TXR-0110,2023-05-28,78.48996313087937
LOA-000323,TXR-0037,2024-03-26,98.39490923618933
LOA-001364,TXR-0159,2024-03-13,56.15065690376329
LOA-001751,TXR-0206,2023-01-27,62.33334057204451
LOA-001323,TXR-0154,2023-04-07,97.6825532060396
LOA-001184,TXR-0138,2023-05-07,75.19320213836347
LOA-001064,TXR-0124,2023-01-18,44.91867460428015
LOA-001592,TXR-0187,2023-05-21,80.56306268628448
LOA-001524,TXR-0178,2023-03-14,70.18522009189226
LOA-000884,TXR-0104,2023-09-27,59.789090399730576
LOA-000280,TXR-0032,2024-06-22,74.67420822662766
LOA-001615,TXR-0190,2023-01-26,50.05442216459272
LOA-001846,TXR-0218,2024-01-19,50.24554675629672
LOA-001437,TXR-0166,2024-05-01,77.06354103853283
LOA-001073,TXR-0125,2023-07-08,65.01797176937086
LOA-001262,TXR-0146,2024-01-30,73.46753578626146
LOA-001922,TXR-0226,2023-05-15,76.97249386764473
LOA-001199,TXR-0140,2024-06-10,55.71550585892281
LOA-001376,TXR-0160,2023-12-14,66.39502811105528
LOA-000498,TXR-0058,2024-06-17,71.81712315562287
LOA-000132,TXR-0017,2023-02-25,88.91671477263881
LOA-000071,TXR-0009,2024-01-01,74.37429413526792
LOA-001025,TXR-0120,2023-11-21,77.18862983567989
LOA-001637,TXR-0193,2023-02-17,69.54117908911304
LOA-001428,TXR-0166,2023-10-19,67.48254138926983
LOA-001607,TXR-0189,2024-04-29,74.75403396083051
LOA-001088,TXR-0127,2023-04-05,81.85560561284723
LOA-001352,TXR-0158,2024-02-15,65.71810650136497
LOA-001971,TXR-0232,2023-06-20,38.233064795816446
LOA-001646,TXR-0194,2023-09-29,82.140737857012
LOA-001632,TXR-0192,2024-04-10,95.42019631883625
LOA-001726,TXR-0203,2023-08-04,75.8654408953013
LOA-000572,TXR-0067,2023-05-17,91.99414857610824
LOA-001545,TXR-0181,2023-05-04,65.53577956921411
LOA-001901,TXR-0224,2023-11-21,51.68028505775504
LOA-000621,TXR-0072,2023-09-06,63.174059378433626
LOA-001072,TXR-0125,2023-12-14,66.7958290384
LOA-000825,TXR-0097,2023-10-05,89.02669883729511
LOA-000569,TXR-0066,2024-02-04,96.3247372064882
LOA-000301,TXR-0035,2023-09-15,40.25495977229798
LOA-001673,TXR-0197,2023-07-26,67.32560189484717
LOA-000257,TXR-0030,2024-02-27,65.48459441224783
LOA-001411,TXR-0163,2023-10-20,28.100952281013193
LOA-001665,TXR-0196,2023-04-25,69.62062068272704
LOA-000599,TXR-0070,2023-04-17,100.03274083754042
LOA-000286,TXR-0033,2023-09-03,76.95120792971029
LOA-001036,TXR-0121,2023-04-22,88.82116855739214
LOA-000164,TXR-0020,2023-11-26,28.779534837509946
LOA-000765,TXR-0090,2023-02-13,75.21990274535115
LOA-001325,TXR-0154,2023-01-30,89.62319094128708
LOA-000943,TXR-0110,2023-04-20,73.65453134818678
LOA-001743,TXR-0206,2023-03-23,56.23656541501838
LOA-001190,TXR-0139,2023-08-01,69.08429845314664
LOA-000939,TXR-0110,2024-05-16,75.76630097471322
LOA-001460,TXR-0170,2023-06-07,62.227533473130904
LOA-001796,TXR-0212,2023-10-14,87.19293592323056
LOA-000842,TXR-0100,2023-02-24,82.08647374241954
LOA-000840,TXR-0099,2023-04-10,32.32183940457236
LOA-000349,TXR-0040,2024-04-01,58.8008727129111
LOA-001058,TXR-0123,2024-01-05,65.09525877282674
LOA-000956,TXR-0111,2024-05-26,85.78589458161254
LOA-001358,TXR-0158,2024-02-01,72.81863742514577
LOA-001577,TXR-0185,2023-02-25,59.506893603043906
LOA-001937,TXR-0228,2024-01-12,68.62072583326209
LOA-000117,TXR-0014,2023-12-02,82.80852989370132
LOA-001144,TXR-0133,2024-01-10,90.60096841450277
LOA-000823,TXR-0097,2024-03-23,96.79790332876367
LOA-000369,TXR-0042,2024-01-29,64.8981860096938
LOA-001297,TXR-0151,2023-06-08,80.51199943184083
LOA-000188,TXR-0023,2023-07-18,63.950147261589876
LOA-001317,TXR-0153,2023-06-09,67.86238798908177
LOA-001807,TXR-0213,2023-11-07,84.70423145785618
LOA-000693,TXR-0080,2023-03-22,73.81309959895074
LOA-000876,TXR-0103,2023-06-27,48.316260994021185
LOA-000530,TXR-0061,2024-01-11,67.37146859039579
LOA-000408,TXR-0046,2024-04-30,49.50299194299254
LOA-001154,TXR-0135,2023-12-02,81.3459117699789
LOA-000155,TXR-0019,2023-02-07,74.54304995631011
LOA-001316,TXR-0153,2023-07-23,64.96784175041788
LOA-000595,TXR-0069,2024-01-20,69.12834805464966
LOA-000624,TXR-0072,2023-01-07,50.2310171666721
LOA-000141,TXR-0018,2023-11-22,76.99185568999852
LOA-000651,TXR-0075,2023-10-21,62.650828842683616
LOA-001762,TXR-0207,2023-03-21,
LOA-001650,TXR-0194,2024-02-03,90.13909231104853
LOA-000165,TXR-0020,2023-12-11,50.596775993820586
LOA-000652,TXR-0075,2023-03-19,55.55887995178961
LOA-001278,TXR-0148,2024-01-17,35.54912475433632
LOA-001117,TXR-0130,2024-06-19,82.43054980566954
LOA-000382,TXR-0044,2023-07-22,60.44130807780772
LOA-001250,TXR-0145,2023-08-03,47.85129066077318
LOA-000500,TXR-0058,2023-06-01,39.44163964822303
LOA-000018,TXR-0003,2023-09-24,66.71115145689714
LOA-001019,TXR-0119,2024-06-25,87.7663244552318
LOA-001053,TXR-0123,2023-03-20,58.4337745645237
LOA-000421,TXR-0048,2023-01-29,83.80754799684155
LOA-000001,TXR-0001,2024-06-14,97.87042737150631
LOA-000277,TXR-0032,2024-04-29,91.21693609918793
LOA-001379,TXR-0160,2023-08-14,62.73356698448617
LOA-001233,TXR-0144,2024-01-05,68.3512888551953
LOA-001560,TXR-0183,2023-08-13,76.57996188069053
LOA-000550,TXR-0063,2024-01-05,83.42678253206249
LOA-000069,TXR-0009,2023-02-26,81.83849785422102
LOA-001635,TXR-0193,2023-03-08,70.64595628288816
LOA-001308,TXR-0152,2023-12-08,50.23983009981405
LOA-001013,TXR-0118,2023-11-19,58.501581730379066
LOA-001728,TXR-0204,2023-12-17,70.61652672315213
LOA-001914,TXR-0225,2024-03-31,75.94740500017669
LOA-000903,TXR-0106,2023-08-13,61.162014608952134
LOA-000367,TXR-0042,2024-05-30,65.52968648311922
LOA-001711,TXR-0202,2024-04-15,80.39194466037439
LOA-001497,TXR-0174,2024-02-11,49.743483255538514
LOA-001579,TXR-0185,2023-12-09,52.13813372404344
LOA-000324,TXR-0037,2023-08-04,94.05435371808973
LOA-000427,TXR-0048,2023-06-20,85.94565219509583
LOA-001833,TXR-0217,2023-12-09,63.87167705604828
LOA-000335,TXR-0039,2023-02-10,28.16450458645322
LOA-000167,TXR-0021,2024-03-06,79.8878752198605
LOA-000045,TXR-0006,2023-09-01,46.40697445740006
LOA-000220,TXR-0026,2023-10-12,85.00004264591476
LOA-001822,TXR-0215,2023-02-08,61.14737233676083
LOA-000668,TXR-0078,2023-01-20,56.2170298400295
LOA-000452,TXR-0051,2023-06-23,84.37279681768695
LOA-001232,TXR-0143,2023-07-02,68.68844270148448
LOA-000485,TXR-0056,2023-05-20,52.07994921439439
LOA-001876,TXR-0221,2024-03-24,92.13548878399816
LOA-000082,TXR-0010,2023-06-28,65.26410388047212
LOA-000162,TXR-0020,2024-06-17,35.676464522833285
LOA-000613,TXR-0071,2024-04-23,68.8598349113591
LOA-000519,TXR-0060,2023-11-19,56.134276402840996
LOA-001961,TXR-0231,2023-12-13,65.59746800009322
LOA-001953,TXR-0230,2023-06-30,87.86999292475278
LOA-000507,TXR-0059,2023-10-05,48.024974876700185
LOA-001725,TXR-0203,2024-06-08,73.6511324829516
LOA-000858,TXR-0101,2023-01-06,47.62875983898849
LOA-000639,TXR-0074,2023-05-23,51.4956900141005
LOA-000726,TXR-0084,2023-12-10,86.74646580787585
LOA-001197,TXR-0139,2024-03-25,82.43128686963884
LOA-001290,TXR-0150,2023-06-20,75.75663605784857
LOA-001288,TXR-0149,2023-01-27,84.07484843216483
LOA-000299,TXR-0034,2024-05-12,51.84764611132008
LOA-000951,TXR-0111,2023-03-18,84.59584262411293
LOA-001234,TXR-0144,2024-02-16,72.05017768469
LOA-001974,TXR-0232,2024-03-22,52.513816156278565
LOA-000297,TXR-0034,2024-05-02,54.98640978955773
LOA-000554,TXR-0063,2023-12-26,89.82207783374912
LOA-000510,TXR-0059,2023-01-21,55.14084230901368
LOA-000602,TXR-0070,2023-09-23,90.4457893969824
LOA-000073,TXR-0009,2023-05-08,63.98690236199795
LOA-000781,TXR-0091,2023-03-31,65.39188204998692
LOA-000173,TXR-0022,2023-08-09,89.51659767064139
LOA-001445,TXR-0168,2023-03-16,84.8770973400578
LOA-001693,TXR-0200,2023-02-13,41.39053457537911
LOA-000012,TXR-0002,2023-12-15,59.177763302481665
LOA-001362,TXR-0159,2023-05-29,44.563269112013465
LOA-000954,TXR-0111,2024-04-15,87.32922916660527
LOA-001752,TXR-0206,2023-12-25,54.19395957050504
LOA-000462,TXR-0053,2023-08-04,57.519882930891285
LOA-000080,TXR-0010,2024-05-28,70.93205665099751
LOA-000405,TXR-0046,2023-05-20,57.249039507217816
LOA-001315,TXR-0153,2023-10-01,79.2844118362206
LOA-000387,TXR-0044,2023-06-21,81.68018358438914
LOA-001424,TXR-0165,2023-12-19,76.64127141281345
LOA-001704,TXR-0201,2023-03-26,66.39123607136369
LOA-000922,TXR-0108,2024-03-29,74.97939637990412
LOA-001149,TXR-0134,2023-12-17,62.37677117813772
LOA-001282,TXR-0148,2023-03-28,53.914031000199074
LOA-000480,TXR-0055,2024-06-01,76.5260438872721
LOA-000426,TXR-0048,2023-09-30,70.35441614952016
LOA-001301,TXR-0151,2024-04-25,79.58349265110007
LOA-001213,TXR-0141,2023-11-18,90.79245213665716
LOA-001133,TXR-0132,2024-03-22,78.18238867786113
LOA-000455,TXR-0051,2024-06-24,68.13448559813429
LOA-000773,TXR-0091,2023-07-14,73.42199524058437
LOA-001166,TXR-0136,2023-11-15,25.73013720465722
LOA-000116,TXR-0014,2023-10-21,76.69030269945765
LOA-000345,TXR-0039,2024-03-26,50.611556570082975
LOA-000177,TXR-0022,2023-05-07,62.17712914414244
LOA-001900,TXR-0224,2024-02-15,47.00844453524877
LOA-000089,TXR-0011,2023-11-27,52.49040936346439
LOA-000611,TXR-0071,2023-09-16,64.83691224843261
LOA-000628,TXR-0073,2024-05-22,88.55624129290847
LOA-000315,TXR-0037,2024-04-29,70.79055770928652
LOA-000062,TXR-0008,2024-01-15,88.19799336618223
LOA-001850,TXR-0218,2024-06-24,70.55514150514777
LOA-001781,TXR-0210,2024-06-13,60.695260982755435
LOA-000603,TXR-0070,2023-11-12,97.77151841097621
LOA-001759,TXR-0207,2023-10-17,86.91342143522684
LOA-000874,TXR-0103,2023-05-25,49.8473880854487
LOA-000292,TXR-0034,2023-07-06,46.789751504583066
LOA-001878,TXR-0221,2023-01-13,92.47568349169511
LOA-000944,TXR-0110,2023-11-22,77.44118593099597
LOA-000955,TXR-0111,2023-02-16,87.09820274067422
LOA-001423,TXR-0165,2023-06-14,85.72393037815692
LOA-001216,TXR-0142,2024-06-13,63.31156936940669
LOA-001687,TXR-0199,2023-09-29,66.18342166717137
LOA-001674,TXR-0197,2023-12-23,66.63267821939863
LOA-000752,TXR-0088,2024-05-26,45.9893087110669
LOA-000175,TXR-0022,2023-10-08,75.7914229621472
LOA-001782,TXR-0210,2023-04-18,69.55140761236653
LOA-001705,TXR-0201,2023-08-22,69.37411443343207
LOA-000014,TXR-0002,2023-05-18,59.60895027077808
LOA-001212,TXR-0141,2023-07-22,93.29602576293374
LOA-001835,TXR-0217,2024-05-28,61.68991471876265
LOA-000180,TXR-0022,2023-06-23,78.77589674380141
LOA-000866,TXR-0102,2023-12-26,85.74747004983867
LOA-000496,TXR-0058,2023-06-20,49.83752626370818
LOA-001129,TXR-0132,2023-09-02,65.32145741733248
LOA-001756,TXR-0207,2023-07-14,73.4476354812284
LOA-001736,TXR-0205,2023-10-16,42.22103256033656
LOA-001834,TXR-0217,2024-06-15,69.49475745580617
LOA-000364,TXR-0042,2024-03-30,84.2868619751415
LOA-001414,TXR-0164,2023-06-01,83.44934726452591
LOA-001395,TXR-0162,2023-01-02,59.469294056994286
LOA-001106,TXR-0129,2024-02-03,69.57745113585082
LOA-000905,TXR-0106,2023-07-31,83.91161840873329
LOA-001061,TXR-0124,2023-06-08,58.467360845371225
LOA-001193,TXR-0139,2024-02-20,66.06452769061927
LOA-000360,TXR-0042,2024-05-17,76.47104992342824
LOA-001565,TXR-0184,2024-04-15,69.975502468715
LOA-001115,TXR-0130,2023-09-23,75.24629478416388
LOA-001164,TXR-0136,2023-02-15,22.91920768468815
LOA-001769,TXR-0208,2024-04-01,80.8669635305457
LOA-001057,TXR-0123,2023-04-06,42.39255233159171
LOA-001721,TXR-0203,2023-04-05,67.01537499057275
LOA-001625,TXR-0191,2023-08-30,63.331847406827364
LOA-001957,TXR-0230,2024-05-31,82.07538265555374
LOA-000716,TXR-0083,2024-03-14,70.06183059006584
LOA-000131,TXR-0017,2023-07-19,68.64273583384646
LOA-000415,TXR-0047,2023-05-04,96.4659012781303
LOA-000562,TXR-0065,2023-02-03,47.9137343899077
LOA-001720,TXR-0203,2024-03-12,
LOA-001173,TXR-0137,2023-01-27,102.20476394785024
LOA-000192,TXR-0023,2023-09-10,70.00554999735266
LOA-000750,TXR-0088,2023-02-23,57.43357786985746
LOA-001183,TXR-0138,2024-02-16,60.54032398772196
LOA-001735,TXR-0205,2023-01-29,28.775992090836237
LOA-000276,TXR-0032,2024-03-09,95.22752611588474
LOA-000239,TXR-0028,2023-07-19,69.31247554898522
LOA-001076,TXR-0126,2023-04-06,91.01965418498061
LOA-000048,TXR-0007,2023-09-17,61.722248632436994
LOA-001810,TXR-0214,2023-12-01,80.44409293471276
LOA-001840,TXR-0217,2023-01-02,56.32119408798345
LOA-000410,TXR-0047,2024-03-01,74.25699784180634
LOA-001334,TXR-0156,2023-08-07,50.61578110278383
LOA-001561,TXR-0183,2023-09-29,89.46002615305635
LOA-000138,TXR-0017,2023-11-19,75.12556047535188
LOA-001950,TXR-0230,2023-01-28,74.94871541323721
LOA-001798,TXR-0212,2024-03-01,60.57427938239381
LOA-001519,TXR-0177,2023-06-09,65.74304586062527
LOA-001550,TXR-0182,2023-01-05,45.65871937636809
LOA-000105,TXR-0012,2024-02-14,60.25727265496657
LOA-000745,TXR-0087,2023-04-12,91.0551780443087
LOA-000605,TXR-0070,2023-01-07,82.28359099743665
LOA-000226,TXR-0027,2023-02-19,82.44010257237471
LOA-001311,TXR-0152,2024-01-01,35.399393274423524
LOA-001564,TXR-0184,2023-12-23,69.24893187403381
LOA-000052,TXR-0007,2023-06-17,64.57558678432424
LOA-000995,TXR-0116,2023-11-30,79.36968086655729
LOA-001589,TXR-0187,2024-02-13,86.62585098698156
LOA-001502,TXR-0175,2023-11-22,84.27150980406668
LOA-001198,TXR-0139,2023-01-11,64.99003185476015
LOA-000990,TXR-0116,2024-05-30,76.76261700064286
LOA-000102,TXR-0012,2024-05-07,
LOA-000075,TXR-0009,2024-06-03,75.15146629626548
LOA-001206,TXR-0140,2024-05-07,66.69851611755759
LOA-001141,TXR-0133,2023-10-31,71.12570054947923
LOA-001575,TXR-0185,2023-01-08,51.16470350786433
LOA-000919,TXR-0107,2024-06-24,64.17239967634292
LOA-001790,TXR-0211,2023-11-04,60.34430028222417
LOA-001102,TXR-0129,2023-11-16,72.03758763735033
LOA-000174,TXR-0022,2023-02-02,76.61034602224316
LOA-000709,TXR-0082,2024-01-18,59.604013136606376
LOA-001672,TXR-0197,2023-10-08,
LOA-000730,TXR-0085,2023-08-03,91.46899784672837
LOA-000821,TXR-0097,2023-09-02,85.51826854602925
LOA-000406,TXR-0046,2023-11-14,57.171301219128146
LOA-000027,TXR-0004,2023-09-13,51.29313644241033
LOA-001940,TXR-0228,2023-10-20,53.003277249706045
LOA-001333,TXR-0155,2023-11-01,54.91212048445388
LOA-000844,TXR-0100,2023-08-02,74.06232700963363
LOA-001902,TXR-0224,2024-03-26,51.68839100524394
LOA-000734,TXR-0086,2024-01-15,67.93591673571173
LOA-001886,TXR-0222,2024-01-19,85.97371552380808
LOA-000419,TXR-0048,2023-06-11,74.41389736905015
LOA-001861,TXR-0219,2023-08-16,38.103470909627006
LOA-001962,TXR-0231,2023-08-12,55.82960591959618
LOA-000720,TXR-0083,2023-09-10,90.62445515148474
LOA-001176,TXR-0137,2023-09-02,84.81829275245036
LOA-000099,TXR-0012,2023-09-16,68.0705769070659
LOA-001479,TXR-0172,2023-07-13,61.280085062150235
LOA-001730,TXR-0204,2023-11-17,67.13885981147831
LOA-000407,TXR-0046,2023-07-29,67.20376050802417
LOA-000800,TXR-0094,2024-02-13,76.08268376574442
LOA-000662,TXR-0077,2024-06-28,84.35116815430563
LOA-000802,TXR-0094,2024-01-07,52.53980996402876
LOA-001819,TXR-0214,2024-01-12,62.47587879859523
LOA-000053,TXR-0007,2024-01-26,51.74357979135224
LOA-000803,TXR-0094,2023-01-30,56.96203443689799
LOA-000509,TXR-0059,2024-06-06,49.618894941452744
LOA-000448,TXR-0051,2024-06-14,81.45754707071741
LOA-000463,TXR-0053,2023-08-30,54.11251673309895
LOA-000176,TXR-0022,2024-03-04,79.03440218143122
LOA-000787,TXR-0092,2023-12-13,50.90503003661643
LOA-000111,TXR-0013,2024-03-12,
LOA-001837,TXR-0217,2023-05-11,69.06526324430479
LOA-001440,TXR-0167,2023-03-28,73.27264764974947
LOA-000093,TXR-0011,2023-06-29,54.653994571449175
LOA-000899,TXR-0106,2024-01-16,70.7387562421889
LOA-000394,TXR-0045,2023-12-04,72.07599595628996
LOA-000019,TXR-0003,2024-01-16,82.60497850356606
LOA-000322,TXR-0037,2024-03-28,93.66159450165316
LOA-001587,TXR-0186,2023-03-01,61.84989207946542
LOA-000918,TXR-0107,2023-11-21,58.25392985290781
LOA-001291,TXR-0150,2023-02-07,81.74950877394618
LOA-001972,TXR-0232,2023-10-21,66.68077167856963
LOA-000663,TXR-0077,2023-07-24,84.35344155104939
LOA-001702,TXR-0201,2023-02-05,68.37436303836921
LOA-000906,TXR-0106,2023-12-17,74.5280564845671
LOA-001401,TXR-0163,2023-08-04,33.28171144210606
LOA-001574,TXR-0185,2023-10-25,54.72614840616828
LOA-000403,TXR-0046,2024-03-04,59.87477924414364
LOA-000022,TXR-0003,2024-04-03,56.82180039612796
LOA-000309,TXR-0036,2024-03-05,59.244993658637135
LOA-001664,TXR-0196,2023-05-13,77.73875827790023
LOA-000882,TXR-0104,2024-01-17,70.07166178456836
LOA-000166,TXR-0021,2023-06-28,68.5263662172884
LOA-000457,TXR-0052,2024-01-07,82.47123640682754
LOA-001836,TXR-0217,2024-06-28,53.34628098297344
LOA-000245,TXR-0028,2023-09-06,93.5489205196252
LOA-001456,TXR-0169,2024-03-30,79.65072120754282
LOA-001393,TXR-0162,2023-11-10,76.17212350063373
LOA-000965,TXR-0112,2023-12-18,78.59543421041437
LOA-000469,TXR-0053,2023-12-05,72.04421621882805
LOA-000110,TXR-0013,2023-02-28,54.75715792360261
LOA-000644,TXR-0075,2023-04-13,55.06784112560365
LOA-001754,TXR-0207,2023-07-11,71.84569027375326
LOA-000502,TXR-0058,2023-07-03,69.56422852183721
LOA-000109,TXR-0013,2023-04-08,52.203802954249696
LOA-000728,TXR-0085,2023-01-12,84.21248085198236
LOA-000388,TXR-0044,2023-01-13,56.66685866182363
LOA-001409,TXR-0163,2023-04-12,30.742179474256325
LOA-000206,TXR-0025,2024-05-04,80.8763967976426
LOA-001371,TXR-0160,2024-06-22,80.80503857303896
LOA-001056,TXR-0123,2023-02-16,56.91633843350394
LOA-001215,TXR-0141,2024-01-06,75.70503876428705
LOA-001113,TXR-0130,2024-04-29,78.8589792982934
LOA-001877,TXR-0221,2024-06-25,71.98063229647461
LOA-001485,TXR-0173,2023-04-15,68.47384736279871
LOA-000321,TXR-0037,2023-03-11,93.02856776367742
LOA-001266,TXR-0147,2023-12-28,90.9456188866462
LOA-001789,TXR-0211,2023-03-22,61.68445606048197
LOA-000742,TXR-0087,2024-05-05,76.55623954380222
LOA-001339,TXR-0156,2023-03-30,55.8884639335375
LOA-001280,TXR-0148,2024-05-22,51.43057070774169
LOA-001866,TXR-0220,2024-01-06,73.74771457374165
LOA-001692,TXR-0199,2024-03-12,55.43409471758915
LOA-001269,TXR-0147,2023-08-14,83.38172250173162
LOA-000253,TXR-0029,2024-05-20,80.19958055275782
LOA-000223,TXR-0026,2023-02-24,67.47396795403154
LOA-000620,TXR-0072,2023-07-20,64.79643303696535
LOA-001131,TXR-0132,2023-04-24,81.30748259779726
LOA-001143,TXR-0133,2024-06-07,78.21522848978496
LOA-000666,TXR-0077,2023-05-16,74.82894487537995
LOA-001892,TXR-0223,2023-05-30,67.30976285978065
LOA-001044,TXR-0122,2023-08-09,45.48820933752496
LOA-001433,TXR-0166,2023-08-30,64.76655198401755
LOA-000909,TXR-0107,2024-01-05,63.70544029446093
LOA-000718,TXR-0083,2023-05-07,86.8221008975236
LOA-000834,TXR-0098,2023-10-10,85.59325300180912
LOA-000246,TXR-0028,2024-04-24,91.04094228499024
LOA-000225,TXR-0026,2023-05-01,73.03108566850214
LOA-000477,TXR-0054,2024-06-10,49.196404691019225
LOA-000429,TXR-0049,2023-02-27,65.32086949328354
LOA-000872,TXR-0102,2023-10-11,81.07350378600009
LOA-000561,TXR-0064,2023-02-25,84.62660827630425
LOA-000233,TXR-0027,2023-07-17,61.4096410429688
LOA-001429,TXR-0166,2023-08-03,71.99614054374901
LOA-001552,TXR-0182,2023-12-14,82.484976226849
LOA-000148,TXR-0018,2024-03-22,84.01869281037725
LOA-000580,TXR-0067,2024-04-17,92.24427165614085
LOA-001945,TXR-0229,2024-04-09,67.22603261021297
LOA-001192,TXR-0139,2023-10-09,75.96187573242956
LOA-000096,TXR-0012,2023-03-09,82.12085890071603
LOA-001121,TXR-0131,2023-10-03,72.78625993135425
LOA-000585,TXR-0068,2023-07-05,31.60976795472068
LOA-000790,TXR-0093,2023-12-07,74.6168715942266
LOA-000931,TXR-0109,2023-04-12,91.11796512272365
LOA-000466,TXR-0053,2024-03-10,59.99663544810709
LOA-000262,TXR-0030,2024-06-29,56.09777700751675
LOA-001258,TXR-0146,2024-06-30,68.526893353123
LOA-000556,TXR-0064,2023-01-22,81.19476024114589
LOA-000724,TXR-0084,2023-10-20,76.39354680163578
LOA-001849,TXR-0218,2024-03-07,56.75659784608854
LOA-000868,TXR-0102,2023-01-21,70.04249848184813
LOA-000217,TXR-0026,2024-04-26,71.57514322422362
LOA-000938,TXR-0110,2024-03-28,82.19326386095234
LOA-001959,TXR-0231,2023-10-06,62.45135474117627
LOA-000815,TXR-0096,2023-12-11,82.64838956001225
LOA-001912,TXR-0225,2023-01-31,79.09292743231251
LOA-000495,TXR-0058,2023-12-02,62.9951148812167
LOA-000112,TXR-0013,2024-01-27,50.73180116544181
LOA-001018,TXR-0118,2024-06-30,67.59219459522258
LOA-000998,TXR-0116,2023-12-19,66.25167575019108
LOA-000200,TXR-0024,2023-08-08,63.624883582890696
LOA-000867,TXR-0102,2024-04-04,76.30115764256895
LOA-000777,TXR-0091,2024-03-01,76.82578964101653
LOA-001727,TXR-0204,2023-08-08,67.40548321878471
LOA-000334,TXR-0038,2023-04-14,55.091863091272195
LOA-001442,TXR-0167,2023-09-18,68.58323991469457
LOA-001958,TXR-0231,2024-05-19,69.3570639193258
LOA-001319,TXR-0153,2023-01-18,81.70522582184682
LOA-001644,TXR-0194,2023-08-24,95.8197152883404
LOA-001469,TXR-0172,2023-02-20,52.90131910314581
LOA-000545,TXR-0063,2023-07-30,73.73968427520121
LOA-001299,TXR-0151,2024-01-10,94.64046757759888
LOA-000328,TXR-0038,2023-05-08,50.2762532522095
LOA-000971,TXR-0113,2023-12-30,92.09169996867007
LOA-000007,TXR-0001,2023-04-07,104.92790813609192
LOA-001314,TXR-0153,2024-06-07,73.59518554394916
LOA-000412,TXR-0047,2023-08-13,102.2855264802441
LOA-000329,TXR-0038,2023-11-23,66.80208325882806
LOA-000830,TXR-0098,2023-06-26,62.964775175217326
LOA-001516,TXR-0177,2023-03-15,77.86115768809927
LOA-001527,TXR-0178,2024-04-10,67.06774269308964
LOA-000806,TXR-0094,2023-04-22,59.55427856038814
LOA-001566,TXR-0184,2023-11-02,78.32186970536283
LOA-001162,TXR-0135,2023-09-27,84.11756192016284
LOA-000769,TXR-0090,2023-07-19,71.26774856622735
LOA-000935,TXR-0109,2023-06-16,89.9603380803681
LOA-000832,TXR-0098,2023-08-05,81.14472764324071
LOA-000755,TXR-0088,2023-05-20,50.37661063549434
LOA-000697,TXR-0081,2023-12-21,92.25359268762996
LOA-000497,TXR-0058,2023-03-12,50.676072229570856
LOA-001043,TXR-0122,2023-06-21,71.75331392985532
LOA-000303,TXR-0035,2023-03-22,56.43559006983248
LOA-001394,TXR-0162,2024-04-30,48.952327382590965
LOA-000685,TXR-0080,2023-08-26,77.65606347021999
LOA-000704,TXR-0082,2023-06-02,60.096014956367135
LOA-001941,TXR-0228,2023-02-03,55.37154891266516
LOA-000489,TXR-0056,2023-09-27,65.77625336565634
LOA-000044,TXR-0006,2024-05-24,52.746062253817996
LOA-000380,TXR-0043,2023-01-08,43.23806672172694
LOA-000327,TXR-0038,2023-12-31,55.66150543073732
LOA-000610,TXR-0071,2023-07-29,64.9538434109853
LOA-001749,TXR-0206,2024-03-24,55.45379916054449
LOA-001071,TXR-0125,2023-02-17,76.15319539891463
LOA-001249,TXR-0145,2023-06-14,56.40761368867616
LOA-000968,TXR-0113,2023-01-02,66.34249718004456
LOA-000247,TXR-0028,2024-03-25,77.64910904262901
LOA-000848,TXR-0100,2023-06-01,71.44414555086757
LOA-000827,TXR-0098,2023-10-28,87.37645279538664
LOA-001747,TXR-0206,2023-04-01,50.98587759850477
LOA-000648,TXR-0075,2024-03-06,53.729321893692635
LOA-000529,TXR-0061,2023-11-17,80.44419092538371
LOA-000878,TXR-0104,2023-01-04,72.10055558811443
LOA-000060,TXR-0008,2023-02-04,
LOA-000626,TXR-0073,2024-01-02,80.0377998673436
LOA-001142,TXR-0133,2023-04-29,90.24348706806563
LOA-000441,TXR-0050,2023-02-03,58.383035699287845
LOA-000385,TXR-0044,2023-11-17,71.49361949596681
LOA-000795,TXR-0093,2023-01-18,86.96071575636945
LOA-001300,TXR-0151,2023-03-13,78.95209999009212
LOA-000143,TXR-0018,2023-11-10,70.48841386825613
LOA-001444,TXR-0168,2023-02-25,84.4984706917205
LOA-001528,TXR-0178,2023-08-10,78.43910894787096
LOA-001200,TXR-0140,2024-06-21,68.17581443403694
LOA-001021,TXR-0119,2024-05-09,72.2770731497078
LOA-000784,TXR-0092,2024-01-04,39.604329437367795
LOA-000560,TXR-0064,2023-08-16,85.90465210605014
LOA-000638,TXR-0074,2023-10-19,55.49691548957091
LOA-001289,TXR-0149,2023-08-15,76.80449016944155
LOA-000723,TXR-0084,2023-09-10,71.09074327597646
LOA-001929,TXR-0227,2024-06-12,71.30361209530723
LOA-001060,TXR-0124,2023-12-06,51.09396617744861
LOA-001481,TXR-0173,2023-03-03,74.79784185216937
LOA-000571,TXR-0066,2023-07-17,77.95042346043012
LOA-001275,TXR-0148,2023-06-15,45.41850284880893
LOA-000890,TXR-0105,2024-06-22,78.13374932932886
LOA-001533,TXR-0179,2024-06-24,74.72647954958555
LOA-001302,TXR-0151,2024-03-08,80.73770678113928
LOA-001422,TXR-0165,2023-08-10,77.20778630376246
LOA-000201,TXR-0024,2023-07-02,54.05498033672461
LOA-001585,TXR-0186,2023-12-20,82.06639597255469
LOA-001648,TXR-0194,2023-03-06,94.1555875067642
LOA-001202,TXR-0140,2023-12-09,49.352509667837516
LOA-001732,TXR-0205,2024-05-05,34.10101194777544
LOA-000266,TXR-0031,2024-04-10,59.66825537400918
LOA-001826,TXR-0216,2023-01-14,76.776567214003
LOA-000786,TXR-0092,2024-03-21,58.78156814988301
LOA-000195,TXR-0024,2023-02-16,70.57835978874398
LOA-000930,TXR-0109,2023-04-26,75.68155393106687
LOA-001695,TXR-0200,2024-04-04,47.03364568514124
LOA-001247,TXR-0145,2024-06-13,48.86063664162785
LOA-000649,TXR-0075,2023-04-04,62.7786040898608
LOA-001207,TXR-0141,2023-11-04,75.46180071000029
LOA-000887,TXR-0104,2023-09-05,71.45365763737357
LOA-001696,TXR-0200,2024-02-12,59.909570784293365
LOA-000808,TXR-0095,2023-10-01,55.23248261397214
LOA-000215,TXR-0026,2023-06-28,69.43351952220517
LOA-001059,TXR-0124,2023-10-25,43.12780624146849
LOA-001507,TXR-0175,2024-05-26,91.40125383864344
LOA-001511,TXR-0176,2023-11-29,93.27788820894239
LOA-001138,TXR-0132,2023-09-27,86.75399001535092
LOA-001883,TXR-0222,2023-04-07,98.30206494090375
LOA-000733,TXR-0086,2024-05-17,67.89971586879524
LOA-000981,TXR-0114,2024-05-18,75.06573777714533
LOA-000896,TXR-0105,2024-03-10,86.63737785397261
LOA-001869,TXR-0220,2023-09-06,87.5956161501511
LOA-001748,TXR-0206,2023-10-31,54.49023381168564
LOA-001399,TXR-0162,2023-08-04,71.49712884168602
LOA-000243,TXR-0028,2024-05-03,71.51844900398714
LOA-000811,TXR-0095,2023-07-21,69.66521986965003
LOA-000966,TXR-0112,2024-02-24,85.45878673766497
LOA-001174,TXR-0137,2023-06-23,94.70031643577877
LOA-000758,TXR-0088,2023-11-14,48.03573736802997
LOA-001392,TXR-0162,2023-03-07,71.12070631703547
LOA-000839,TXR-0099,2023-05-31,52.96968720640901
LOA-000774,TXR-0091,2024-04-21,87.57766065711998
LOA-001279,TXR-0148,2024-02-03,53.24495808673086
LOA-001111,TXR-0130,2023-09-13,88.79197338309172
LOA-000341,TXR-0039,2023-09-12,57.22572660124576
LOA-000548,TXR-0063,2023-08-25,74.63034188509653
LOA-001343,TXR-0157,2023-02-13,73.12542398546981
LOA-000083,TXR-0010,2023-04-07,61.71135255776722
LOA-001454,TXR-0169,2023-07-21,84.44852813901703
LOA-001538,TXR-0180,2023-10-15,66.46252230135104
LOA-000804,TXR-0094,2023-02-08,56.58283840832614
LOA-001523,TXR-0178,2023-10-15,67.2355831196781
LOA-000533,TXR-0062,2023-11-07,81.68820203055205
LOA-000402,TXR-0046,2023-02-09,61.10321110467794
LOA-001899,TXR-0224,2024-02-11,62.11226022689465
LOA-000690,TXR-0080,2024-03-15,74.98129072658439
LOA-001779,TXR-0209,2023-04-07,85.18958914537157
LOA-000780,TXR-0091,2023-12-12,79.48812762729757
LOA-001022,TXR-0119,2023-04-01,60.65725162125603
LOA-001351,TXR-0158,2024-02-16,68.27297082898062
LOA-000778,TXR-0091,2023-10-26,70.0289823290893
LOA-001719,TXR-0203,2024-02-26,
LOA-000814,TXR-0096,2024-06-19,78.67901752902044
LOA-000305,TXR-0035,2023-05-10,63.641463440922024
LOA-001390,TXR-0162,2023-08-19,55.98983449374533
LOA-001386,TXR-0161,2023-09-23,76.8590516502276
LOA-001827,TXR-0216,2023-03-12,91.10425642377116
LOA-001709,TXR-0202,2023-03-07,84.20564089462883
LOA-001554,TXR-0182,2023-10-08,29.962619847546367
LOA-001046,TXR-0122,2023-01-30,48.14262393338339
LOA-000901,TXR-0106,2023-06-07,87.62173302064825
LOA-000153,TXR-0019,2023-05-25,61.24524579653911
LOA-001543,TXR-0181,2023-12-04,63.27745093218429
LOA-000054,TXR-0007,2024-04-24,45.1119896066426
LOA-001090,TXR-0128,2023-04-02,57.235270760596585
LOA-001329,TXR-0155,2023-09-06,45.532470453736565
LOA-001240,TXR-0144,2023-01-15,67.22188694259914
LOA-000040,TXR-0006,2024-02-27,64.9204745844157
LOA-000539,TXR-0062,2023-05-08,91.24428005452515
LOA-000260,TXR-0030,2023-07-05,60.67137895845092
LOA-001049,TXR-0123,2024-05-31,67.65117481232423
LOA-001205,TXR-0140,2023-12-19,63.40150910291782
LOA-001715,TXR-0202,2023-12-11,80.22148221807993
LOA-001774,TXR-0209,2024-06-24,77.13427569198555
LOA-000204,TXR-0025,2023-12-23,60.52386247225679
LOA-000997,TXR-0116,2023-05-22,65.57213043122846
LOA-001110,TXR-0130,2023-08-19,77.51441319875408
LOA-001382,TXR-0161,2023-08-05,72.53147568792215
LOA-000101,TXR-0012,2023-10-11,58.553815588906865
LOA-000634,TXR-0074,2024-06-06,56.170590470200935
LOA-000542,TXR-0062,2024-02-27,95.64237155689148
LOA-001246,TXR-0145,2024-05-07,39.254094161220074
LOA-000735,TXR-0086,2023-11-06,
LOA-001517,TXR-0177,2024-01-21,62.48965089988557
LOA-001069,TXR-0125,2024-02-08,75.15727459301436
LOA-001949,TXR-0230,2024-04-28,74.76053800935358
LOA-001698,TXR-0200,2023-02-21,57.24361478091562
LOA-001820,TXR-0214,2023-03-29,63.397901573832854
LOA-000729,TXR-0085,2023-12-13,96.59459655571469
LOA-000900,TXR-0106,2024-02-09,72.39336872991535
LOA-001010,TXR-0118,2023-10-26,80.48024883935373
LOA-001118,TXR-0130,2023-02-22,72.74448479560701
LOA-001365,TXR-0159,2023-11-15,44.690314282480976
LOA-001896,TXR-0223,2023-11-11,69.79245322981888
LOA-000425,TXR-0048,2023-03-24,86.2944561889829
LOA-001676,TXR-0198,2024-01-12,77.98189636710235
LOA-001666,TXR-0196,2023-03-29,75.5957365664756
LOA-001825,TXR-0215,2024-03-02,59.71591278984222
LOA-000127,TXR-0016,2023-05-08,91.8177476716011
LOA-000357,TXR-0041,2023-12-23,77.85841449467061
LOA-001583,TXR-0186,2023-11-20,74.92345020642827
LOA-001623,TXR-0191,2024-02-04,69.30774212278175
LOA-001466,TXR-0171,2023-08-09,69.80960219569043
LOA-000002,TXR-0001,2023-03-31,90.67273382854927
LOA-000216,TXR-0026,2023-08-09,76.79091341288084
LOA-001707,TXR-0202,2023-04-28,66.11420177605078
LOA-001970,TXR-0232,2023-05-03,45.24921232696762
LOA-000622,TXR-0072,2023-12-27,41.956772316116755
LOA-000256,TXR-0030,2024-04-12,74.4667684004468
LOA-000534,TXR-0062,2023-06-12,92.50342068750302
LOA-001911,TXR-0225,2024-04-25,63.53745967549605
LOA-001847,TXR-0218,2023-07-30,69.2600091301469
LOA-001348,TXR-0157,2023-12-16,83.0809118443717
LOA-000136,TXR-0017,2023-10-28,69.18964930005085
LOA-001052,TXR-0123,2024-05-28,59.91487716731537
LOA-001458,TXR-0169,2023-01-26,61.53196626313641
LOA-001510,TXR-0176,2024-01-20,75.25237480218736
LOA-001703,TXR-0201,2024-05-08,72.55567233726501
LOA-001155,TXR-0135,2024-04-11,79.6211575078714
LOA-001773,TXR-0209,2023-11-20,100.75130840262426
LOA-001831,TXR-0216,2023-04-12,77.00514003027858
LOA-001792,TXR-0211,2023-05-27,71.75925000346847
LOA-001647,TXR-0194,2023-08-01,89.6859702328333
LOA-000627,TXR-0073,2023-05-11,95.33726134088687
LOA-000586,TXR-0068,2023-05-31,39.66242247838713
LOA-000743,TXR-0087,2023-05-04,90.55842278016183
LOA-000877,TXR-0103,2023-07-06,51.55728017049094
LOA-000034,TXR-0005,2023-04-19,73.75407256277119
LOA-000607,TXR-0070,2024-05-26,
LOA-000936,TXR-0109,2023-01-25,66.11918868559067
LOA-001924,TXR-0226,2023-05-19,72.26995018338755
LOA-001660,TXR-0195,2023-08-16,90.50708799863664
LOA-000526,TXR-0061,2023-01-21,62.765461111967554
LOA-001627,TXR-0191,2023-11-07,65.13554681703593
LOA-000013,TXR-0002,2023-06-19,67.03012543524952
LOA-001919,TXR-0226,2023-04-26,
LOA-001480,TXR-0172,2024-01-13,62.582910309579944
LOA-001578,TXR-0185,2023-12-04,45.24821272298032
LOA-001830,TXR-0216,2024-02-11,75.11402196424159
LOA-000700,TXR-0081,2024-03-30,77.87615848970515
LOA-000199,TXR-0024,2024-01-06,72.21518542150238
LOA-001805,TXR-0213,2023-03-16,74.6504163954439
LOA-000067,TXR-0008,2023-07-26,80.31664578281573
LOA-001027,TXR-0120,2023-11-21,75.99012309721508
LOA-001322,TXR-0154,2023-01-02,82.57286429829647
LOA-001470,TXR-0172,2023-06-06,61.574193461046676
LOA-001447,TXR-0168,2023-07-27,82.99363853238363
LOA-001242,TXR-0144,2023-03-06,78.6526316842321
LOA-000248,TXR-0029,2024-02-17,82.79117767513273
LOA-001346,TXR-0157,2023-05-13,73.64507039126623
LOA-000492,TXR-0057,2023-07-27,91.11769629719632
LOA-000142,TXR-0018,2023-05-22,83.40731266296375
LOA-001017,TXR-0118,2023-11-02,67.90376082053491
LOA-001119,TXR-0131,2023-11-12,79.8529485466458
LOA-001006,TXR-0117,2024-04-02,85.39087088572484
LOA-000642,TXR-0075,2024-06-24,53.70396753368329
LOA-001576,TXR-0185,2023-06-13,42.6747770900646
LOA-000764,TXR-0089,2023-12-20,93.23247272794755
LOA-001132,TXR-0132,2023-11-30,87.37503449941255
LOA-000375,TXR-0043,2023-12-12,42.62427759103391
LOA-001904,TXR-0224,2023-04-18,48.07244465439327
LOA-001605,TXR-0188,2024-05-14,63.7645056355481
LOA-000857,TXR-0101,2023-11-10,55.18656272290921
LOA-001225,TXR-0142,2023-11-30,56.07302360243148
LOA-001862,TXR-0219,2023-06-30,55.99930872646752
LOA-001582,TXR-0186,2023-11-30,61.91559653937054
LOA-001772,TXR-0209,2023-07-02,76.42085452838951
LOA-000484,TXR-0055,2023-01-01,69.11382214346628
LOA-000037,TXR-0005,2023-01-17,69.35411577180543
LOA-000161,TXR-0020,2023-08-11,45.5476543054946
LOA-000231,TXR-0027,2023-11-05,76.10189074641049
LOA-000885,TXR-0104,2024-06-20,61.85557079972741
LOA-000077,TXR-0009,2024-01-15,64.67591238267997
LOA-000633,TXR-0074,2023-07-19,51.14790813698605
LOA-000193,TXR-0023,2024-02-12,
LOA-001109,TXR-0130,2023-05-07,77.54069388872495
LOA-001535,TXR-0179,2023-12-01,76.7302166219545
LOA-000409,TXR-0046,2023-10-30,60.58277311233451
LOA-000517,TXR-0060,2023-03-10,68.04539695693396
LOA-001812,TXR-0214,2024-04-23,62.69764591983031
LOA-000568,TXR-0066,2024-05-14,75.96232520870343
LOA-000179,TXR-0022,2023-12-01,84.51555669011043
LOA-000582,TXR-0068,2023-07-06,43.96605006622711
LOA-001187,TXR-0138,2023-08-10,79.39937859492831
LOA-001189,TXR-0139,2023-07-17,66.14863618803793
LOA-000667,TXR-0078,2023-06-07,52.509228771613024
LOA-000115,TXR-0014,2023-04-16,82.59065698715675
LOA-000523,TXR-0061,2024-06-21,63.744197271117706
LOA-000650,TXR-0075,2023-05-13,57.27708166682007
LOA-001449,TXR-0169,2024-01-03,77.13623989258953
LOA-001562,TXR-0183,2024-04-04,74.62399805496895
LOA-000557,TXR-0064,2023-03-15,102.60951571358049
LOA-000284,TXR-0033,2024-02-22,67.13679240084363
LOA-000702,TXR-0081,2024-01-12,77.63926065577509
LOA-000661,TXR-0077,2023-03-23,88.9276536870925
LOA-001916,TXR-0226,2023-10-26,69.54551114163642
LOA-001457,TXR-0169,2024-06-25,100.12707348383516
LOA-001590,TXR-0187,2023-09-24,81.11800137194068
LOA-000559,TXR-0064,2023-02-03,66.98107002810701
LOA-001611,TXR-0189,2024-06-30,103.57487598748939
LOA-000929,TXR-0109,2023-12-03,90.93697822028949
LOA-001196,TXR-0139,2023-03-29,67.69801299764612
LOA-001170,TXR-0137,2023-10-07,103.27551349097985
LOA-001859,TXR-0219,2023-02-10,44.19989488395692
LOA-000150,TXR-0019,2023-02-28,73.65556752748877
LOA-000422,TXR-0048,2023-07-26,96.38269890858992
LOA-001609,TXR-0189,2023-02-19,
LOA-000017,TXR-0002,2023-11-15,72.29265132260963
LOA-000267,TXR-0031,2023-05-12,81.7567088351849
LOA-000058,TXR-0008,2024-05-12,62.54404713766278
LOA-000683,TXR-0079,2024-06-13,76.44340359756093
LOA-000915,TXR-0107,2023-03-03,57.941869634112685
LOA-001484,TXR-0173,2023-07-02,72.49311022440348
LOA-000625,TXR-0072,2023-02-06,71.6552376918349
LOA-001750,TXR-0206,2024-05-29,63.011438980367124
LOA-001907,TXR-0225,2023-05-12,79.78885475865962
LOA-000358,TXR-0041,2023-07-01,80.50496426566201
LOA-001933,TXR-0227,2023-09-09,54.92932862362202
LOA-001694,TXR-0200,2024-04-23,33.94979554866566
LOA-000686,TXR-0080,2023-12-14,72.1606551350639
LOA-000238,TXR-0028,2023-01-29,64.82234826976345
LOA-000106,TXR-0012,2023-02-25,63.41740684744019
LOA-001890,TXR-0223,2024-03-24,61.02146373964128
LOA-000149,TXR-0019,2023-07-06,59.19127787992142
LOA-000306,TXR-0035,2024-01-26,40.444288318259105
LOA-000381,TXR-0044,2024-06-02,60.8816546759104
LOA-000145,TXR-0018,2023-01-30,90.33147692914592
LOA-001595,TXR-0187,2024-01-28,86.80645022115837
LOA-000674,TXR-0078,2023-07-06,54.88512819542664
LOA-000228,TXR-0027,2023-11-15,70.3983385585436
LOA-000493,TXR-0057,2023-05-20,82.05673654830463
LOA-001122,TXR-0131,2023-02-07,73.44654642986805
LOA-000288,TXR-0033,2024-04-18,59.5042890630996
LOA-000976,TXR-0114,2023-07-24,79.64465511792423
LOA-000632,TXR-0074,2024-04-25,65.12200483563032
LOA-000897,TXR-0106,2023-01-26,75.7675375685024
LOA-000087,TXR-0011,2023-04-25,57.351673523775695
LOA-001224,TXR-0142,2023-08-11,70.04169322979735
LOA-000578,TXR-0067,2023-09-17,91.45352880561407
LOA-001238,TXR-0144,2023-07-11,73.65786217607611
LOA-001294,TXR-0150,2024-03-29,69.83583041375915
LOA-000265,TXR-0030,2023-10-15,79.49136213835685
LOA-000061,TXR-0008,2024-06-07,69.51039056939372
LOA-000616,TXR-0072,2023-05-10,62.1750893623934
LOA-000269,TXR-0031,2023-04-05,72.28202040064423
LOA-001624,TXR-0191,2024-03-25,63.16277039663512
LOA-000717,TXR-0083,2024-03-17,90.24534630956008
LOA-000701,TXR-0081,2024-06-24,74.91977439160281
LOA-000026,TXR-0004,2023-09-18,45.2239886993176
LOA-001116,TXR-0130,2024-01-12,73.95137379688329
LOA-000583,TXR-0068,2024-05-24,25.13062954712403
LOA-000395,TXR-0045,2023-10-30,75.23631968788845
LOA-001029,TXR-0120,2024-03-14,90.16356107340992
LOA-001367,TXR-0159,2024-05-19,65.48918867743394
LOA-000436,TXR-0050,2023-03-19,50.25478859123014
LOA-000675,TXR-0078,2024-06-06,54.61175468487477
LOA-000714,TXR-0082,2023-05-18,53.90169544038486
LOA-000960,TXR-0112,2024-01-08,81.37036429870729
LOA-001658,TXR-0195,2024-05-20,61.31280048654079
LOA-000169,TXR-0021,2023-05-30,85.07181414753897
LOA-001463,TXR-0170,2023-03-15,63.828560423262374
LOA-000160,TXR-0020,2023-10-27,46.215879640121
LOA-001462,TXR-0170,2023-03-11,51.99012613389893
LOA-001357,TXR-0158,2023-03-21,76.6748406496381
LOA-001787,TXR-0210,2023-02-13,50.857189903237796
LOA-001616,TXR-0190,2023-06-14,45.946011765231844
LOA-000230,TXR-0027,2023-01-24,71.01924346672665
LOA-001927,TXR-0227,2024-05-18,64.59633941579655
LOA-000384,TXR-0044,2024-02-17,59.75675796624403
LOA-001764,TXR-0208,2023-04-21,75.99583086136754
LOA-001934,TXR-0228,2024-01-16,43.16941994187727
LOA-001331,TXR-0155,2024-02-21,60.65627864958107
LOA-000813,TXR-0096,2024-06-21,84.91854220409101
LOA-001137,TXR-0132,2024-03-30,73.22650908410847
LOA-001801,TXR-0213,2023-01-04,85.67549344419464
LOA-000241,TXR-0028,2023-12-26,89.54685001338152
LOA-001903,TXR-0224,2024-03-29,38.89986703253184
LOA-001368,TXR-0159,2024-05-24,52.03504149927632
LOA-000535,TXR-0062,2023-06-27,102.38610109138112
LOA-001531,TXR-0179,2024-06-21,72.1525928260028
LOA-001324,TXR-0154,2024-04-25,90.86323814129926
LOA-001932,TXR-0227,2024-04-29,71.25022669274354
LOA-000076,TXR-0009,2023-03-08,82.08524566724219
LOA-000471,TXR-0054,2023-08-11,48.86617952280755
LOA-000282,TXR-0033,2024-06-03,68.3506390105986
LOA-000258,TXR-0030,2024-02-23,63.10072511233173
LOA-000028,TXR-0004,2024-06-20,44.05875257163333
LOA-000836,TXR-0099,2023-01-14,58.63984268253844
LOA-000393,TXR-0045,2023-03-27,73.51458045780761
LOA-001858,TXR-0219,2023-08-17,42.1443928613766
LOA-000362,TXR-0042,2023-09-11,58.08675274009801
LOA-000761,TXR-0089,2024-03-09,103.98371979804583
LOA-001874,TXR-0221,2023-03-06,63.71208252117411
LOA-001136,TXR-0132,2023-05-30,82.21909246990516
LOA-000641,TXR-0074,2024-06-09,54.06437236757371
LOA-001195,TXR-0139,2024-01-05,76.45570028879818
LOA-000546,TXR-0063,2023-06-13,73.79084439787434
LOA-001387,TXR-0161,2023-01-04,77.34745474573712
LOA-000932,TXR-0109,2024-02-20,75.37611444271988
LOA-001639,TXR-0193,2024-05-03,68.23064931380527
LOA-000687,TXR-0080,2024-02-07,57.64959517922373
LOA-000332,TXR-0038,2023-02-13,72.5658737586761
LOA-001526,TXR-0178,2023-02-26,62.590339802137734
LOA-001452,TXR-0169,2023-04-12,73.12066131060824
LOA-000494,TXR-0057,2024-04-27,72.15769279832394
LOA-000356,TXR-0041,2023-06-30,78.50092082200118
LOA-001336,TXR-0156,2023-07-28,49.601512536741055
LOA-000949,TXR-0111,2024-05-25,71.3210187989246
LOA-000361,TXR-0042,2024-03-27,67.74171185131152
LOA-000754,TXR-0088,2023-03-18,46.78416766668689
LOA-000310,TXR-0036,2024-06-01,59.54118098457074
LOA-000025,TXR-0004,2023-09-04,45.98442383832004
LOA-000751,TXR-0088,2023-07-30,44.433383664120385
LOA-001652,TXR-0194,2024-06-17,89.22713568133628
LOA-001425,TXR-0165,2024-03-19,67.31839908345782
LOA-001436,TXR-0166,2023-07-22,64.24188150136354
LOA-000314,TXR-0037,2023-04-08,85.49921183861751
LOA-000552,TXR-0063,2024-01-11,97.25982296939553
LOA-000892,TXR-0105,2023-02-11,73.8416081626588
LOA-000056,TXR-0007,2024-01-27,62.77684405784572
LOA-000021,TXR-0003,2024-01-24,81.17864186187776
LOA-001377,TXR-0160,2023-01-27,80.6779495735933
LOA-000331,TXR-0038,2023-07-30,49.6648156448004
LOA-001012,TXR-0118,2023-06-17,60.31041533771701
LOA-001182,TXR-0138,2023-06-18,74.26440181338641
LOA-000182,TXR-0023,2024-06-10,56.029674180491014
LOA-001548,TXR-0181,2023-12-06,46.47275547448544
LOA-001863,TXR-0219,2023-07-13,40.50432107928857
LOA-001391,TXR-0162,2023-08-12,65.91201635702798
LOA-001151,TXR-0134,2023-08-06,66.16387531938992
LOA-000346,TXR-0039,2024-06-07,46.55092640056139
LOA-001498,TXR-0175,2023-11-27,84.0611998490771
LOA-001354,TXR-0158,2024-01-27,58.50959716979139
LOA-001283,TXR-0148,2023-04-26,49.38475630285841
LOA-000779,TXR-0091,2024-04-14,93.37203082175128
LOA-001815,TXR-0214,2024-04-13,61.21074532761322
LOA-000618,TXR-0072,2024-06-27,59.257802392779816
LOA-000290,TXR-0033,2023-02-13,55.651997429909024
LOA-001245,TXR-0145,2023-10-08,48.761421373861204
LOA-001276,TXR-0148,2023-02-05,56.97708175189731
